date,symbol,action,quantity,price,reason
2026-04-15,SOXL,buy,23,86.00,manual
2026-04-16,TQQQ,buy,30,56.00,manual
2026-04-16,RKLX,buy,50,40.00,manual
2026-04-17,DPST,buy,12,120.00,manual
2026-04-21,RKLX,buy,50,49.00,manual
2026-04-21,RKLX,buy,41,46.50,manual
2026-04-29,CONL,buy,150,7.00,manual
2026-06-01,GDXU,buy,7,160.00,manual
2026-06-01,AXTX,buy,35,33.00,manual
2026-06-03,CRCG,buy,50,24.00,manual
2026-06-03,CONL,buy,200,5.50,manual
2026-06-03,CRCG,buy,60,19.00,manual
2026-06-05,GDXU,buy,10,130.00,manual
2026-06-05,CRCG,buy,70,15.00,manual
2026-06-05,CONL,buy,250,4.50,manual
2026-06-05,GDXU,buy,10,105.00,manual
2026-06-09,AXTX,buy,40,25.00,manual
2026-06-09,AXTX,buy,50,20.00,manual
2026-02-20,YINN,buy,25,40.00,manual
2026-03-08,YINN,buy,32,32.00,manual
2026-06-17,YINN,buy,50,26.00,manual
2026-06-25,YINN,buy,50,20.00,manual
2026-06-24,AXTX,buy,70,16.00,manual
2026-06-24,GDXU,buy,15,80.00,manual
2026-06-04,BTC,buy,0.015,60000,manual
2026-06-06,BTC,buy,0.015,65000,manual
