date,total_ratio,index_ratio,equity_ratio,etp_ratio,vix_ratio,spx_ratio,call_vol,put_vol,call_oi,put_oi,note
2025-07-01,0.86,1.08,0.51,1.06,0.51,1.26,5276835,4534644,271852854,220935766,CBOE Daily Market Statistics 官方页面
2025-07-02,0.83,0.98,0.55,1.15,0.14,1.26,4912321,4072880,277146411,225627740,CBOE Daily Market Statistics 官方页面
2025-07-03,0.79,1.01,0.48,0.96,0.41,1.18,3996574,3162790,281762384,229787549,CBOE Daily Market Statistics 官方页面
2025-07-07,0.92,1.14,0.58,1.03,0.58,1.24,4772360,4377999,274837720,224631877,CBOE Daily Market Statistics 官方页面
2025-07-08,0.87,1.07,0.56,1.02,0.47,1.25,4257335,3706007,280359819,228854697,CBOE Daily Market Statistics 官方页面
2025-07-09,0.89,1.1,0.56,1.27,0.93,1.13,5692045,5061490,284963296,232866779,CBOE Daily Market Statistics 官方页面
2025-07-10,0.77,0.98,0.52,0.89,0.43,1.1,4967029,3809688,290364869,237442374,CBOE Daily Market Statistics 官方页面
2025-07-11,0.84,1.16,0.53,0.94,0.72,1.27,5354195,4498781,295750357,241826407,CBOE Daily Market Statistics 官方页面
2025-07-14,0.85,1.15,0.51,0.91,0.66,1.29,4396748,3725134,289165992,237304319,CBOE Daily Market Statistics 官方页面
2025-07-15,0.83,1.1,0.57,0.76,0.79,1.2,5938828,4903347,294620137,242038683,CBOE Daily Market Statistics 官方页面
2025-07-16,0.86,1.05,0.53,1.03,0.32,1.27,5431469,4644164,299682931,246873075,CBOE Daily Market Statistics 官方页面
2025-07-17,0.8,1.03,0.65,0.74,0.52,1.16,6095796,4893066,301934970,249691424,CBOE Daily Market Statistics 官方页面
2025-07-18,0.74,1.02,0.48,0.93,0.56,1.18,6493988,4825989,307820118,255258348,CBOE Daily Market Statistics 官方页面
2025-07-21,0.88,1.04,0.51,1.5,0.22,1.25,5503071,4842741,262561175,216203325,CBOE Daily Market Statistics 官方页面
2025-07-22,0.87,1.18,0.55,1.05,0.69,1.23,4890123,4258444,271723121,223276825,CBOE Daily Market Statistics 官方页面
2025-07-23,0.81,1.01,0.55,0.94,0.63,1.1,5653967,4590119,278612496,228215742,CBOE Daily Market Statistics 官方页面
2025-07-24,0.9,1.15,0.57,1.23,0.66,1.27,5063513,4563812,286085885,233903437,CBOE Daily Market Statistics 官方页面
2025-07-25,0.91,1.16,0.72,0.93,0.56,1.25,5398247,4889677,291657607,238800533,CBOE Daily Market Statistics 官方页面
2025-07-28,0.85,1.13,0.58,0.85,0.54,1.19,4651617,3967661,281348483,230401057,CBOE Daily Market Statistics 官方页面
2025-07-29,0.94,1.26,0.57,0.96,1.1,1.3,5204077,4882519,287650317,235577313,CBOE Daily Market Statistics 官方页面
2025-07-30,0.9,1.14,0.59,1.07,0.77,1.26,4985410,4484053,293073727,240628857,CBOE Daily Market Statistics 官方页面
2025-07-31,1.03,1.08,0.84,1.31,0.33,1.26,6299607,6493092,298910488,245236456,CBOE Daily Market Statistics 官方页面
2025-08-01,0.94,1.0,0.75,1.17,0.43,1.36,7568271,7143115,303501559,248225642,CBOE Daily Market Statistics 官方页面
2025-08-04,0.9,1.06,0.61,1.15,0.37,1.23,4707818,4251026,294295961,241883633,CBOE Daily Market Statistics 官方页面
2025-08-05,0.87,1.24,0.58,0.78,0.64,1.3,5129848,4484244,301010918,246643364,CBOE Daily Market Statistics 官方页面
2025-08-06,0.86,1.04,0.62,1.05,0.55,1.17,5361133,4627557,306385626,251152885,CBOE Daily Market Statistics 官方页面
2025-08-07,0.79,0.97,0.57,0.88,0.37,1.1,6106955,4802060,312341240,255366437,CBOE Daily Market Statistics 官方页面
2025-08-08,0.86,1.03,0.64,1.2,0.43,1.17,6498092,5612923,317953622,259498851,CBOE Daily Market Statistics 官方页面
2025-08-11,0.83,0.98,0.64,0.91,0.28,1.16,5391718,4475322,308095998,253279242,CBOE Daily Market Statistics 官方页面
2025-08-12,0.95,1.04,0.6,1.51,0.52,1.25,5776050,5468824,315045074,257934653,CBOE Daily Market Statistics 官方页面
2025-08-13,0.77,0.91,0.63,0.82,0.34,1.06,6995677,5368017,320791185,262569374,CBOE Daily Market Statistics 官方页面
2025-08-14,0.85,1.03,0.75,0.8,0.26,1.26,6789091,5797181,326694522,267667989,CBOE Daily Market Statistics 官方页面
2025-08-15,0.79,1.05,0.48,1.18,0.53,1.22,6812357,5349738,332244109,272138963,CBOE Daily Market Statistics 官方页面
2025-08-18,0.79,1.04,0.5,1.02,0.71,1.15,4958619,3926587,284864694,230156192,CBOE Daily Market Statistics 官方页面
2025-08-19,0.91,1.19,0.59,0.92,0.89,1.31,5627453,5125568,292537710,235223319,CBOE Daily Market Statistics 官方页面
2025-08-20,0.88,0.98,0.66,1.11,0.44,1.22,6441064,5689875,297531279,240278519,CBOE Daily Market Statistics 官方页面
2025-08-21,0.92,1.13,0.62,0.99,1.11,1.14,4546914,4166154,299254590,243619692,CBOE Daily Market Statistics 官方页面
2025-08-22,0.88,0.99,0.5,1.43,0.44,1.18,7315784,6455001,303595362,247097530,CBOE Daily Market Statistics 官方页面
2025-08-25,0.86,1.16,0.55,0.9,0.89,1.2,4560759,3908603,295956429,241254942,CBOE Daily Market Statistics 官方页面
2025-08-26,0.89,1.2,0.55,0.88,0.72,1.29,4684809,4189813,302323105,246205054,CBOE Daily Market Statistics 官方页面
2025-08-27,0.75,0.85,0.53,0.97,0.29,1.13,5168634,3873392,307328679,250594626,CBOE Daily Market Statistics 官方页面
2025-08-28,0.89,1.05,0.75,0.86,0.48,1.19,5505012,4905887,313026869,255340856,CBOE Daily Market Statistics 官方页面
2025-08-29,0.83,0.92,0.56,1.14,0.35,1.18,6728054,5551312,318823380,259953646,CBOE Daily Market Statistics 官方页面
2025-09-02,0.93,1.04,0.68,1.04,0.53,1.19,5488126,5095220,307665040,250853864,CBOE Daily Market Statistics 官方页面
2025-09-03,0.87,1.03,0.61,0.98,0.35,1.15,4911328,4284603,313887750,255676683,CBOE Daily Market Statistics 官方页面
2025-09-04,0.96,1.23,0.62,1.03,1.28,1.24,5398992,5199723,319000267,260126168,CBOE Daily Market Statistics 官方页面
2025-09-05,0.75,0.8,0.58,0.95,0.2,1.15,7893457,5941680,324346122,265488067,CBOE Daily Market Statistics 官方页面
2025-09-08,0.8,1.01,0.63,0.67,0.31,1.14,5342860,4258290,316954848,259924940,CBOE Daily Market Statistics 官方页面
2025-09-09,0.87,1.12,0.54,0.98,0.55,1.27,4894677,4260776,323802411,264990051,CBOE Daily Market Statistics 官方页面
2025-09-10,0.82,0.99,0.54,1.02,0.35,1.26,6261251,5120571,329893505,270597617,CBOE Daily Market Statistics 官方页面
2025-09-11,0.86,1.02,0.68,0.93,0.53,1.12,6246579,5399708,336513680,275591738,CBOE Daily Market Statistics 官方页面
2025-09-12,0.83,1.13,0.58,0.92,0.64,1.29,6752232,5588969,342799224,281347329,CBOE Daily Market Statistics 官方页面
2025-09-15,0.89,1.27,0.54,0.89,1.11,1.32,5800902,5155399,335542482,275391283,CBOE Daily Market Statistics 官方页面
2025-09-16,0.78,0.93,0.54,0.81,0.51,1.24,6220087,4824918,343183851,280646962,CBOE Daily Market Statistics 官方页面
2025-09-17,1.06,1.11,0.6,1.95,0.58,1.33,6232524,6618229,349900246,285500653,CBOE Daily Market Statistics 官方页面
2025-09-18,0.75,1.05,0.54,0.75,0.76,1.12,7885646,5920712,352613929,289201945,CBOE Daily Market Statistics 官方页面
2025-09-19,0.77,1.2,0.45,0.92,0.55,1.25,7720601,5925004,358542272,295197603,CBOE Daily Market Statistics 官方页面
2025-09-22,0.81,1.02,0.48,1.39,0.35,1.12,6470353,5238225,295009496,232353563,CBOE Daily Market Statistics 官方页面
2025-09-23,0.9,1.21,0.47,1.23,0.54,1.34,5853160,5241586,305030765,239670505,CBOE Daily Market Statistics 官方页面
2025-09-24,0.86,1.16,0.51,1.11,0.35,1.3,5264364,4550212,312627519,245672460,CBOE Daily Market Statistics 官方页面
2025-09-25,0.9,1.19,0.56,0.99,0.5,1.28,6243264,5621832,319389122,250470036,CBOE Daily Market Statistics 官方页面
2025-09-26,0.82,1.12,0.51,1.09,0.36,1.17,6661542,5470893,326432863,255557765,CBOE Daily Market Statistics 官方页面
2025-09-29,0.78,0.92,0.52,0.99,0.35,1.1,5768363,4517964,316767394,248686318,CBOE Daily Market Statistics 官方页面
2025-09-30,0.89,1.14,0.58,0.93,0.91,1.16,6168960,5462256,325192341,254310558,CBOE Daily Market Statistics 官方页面
2025-10-01,0.77,1.04,0.48,0.85,0.45,1.11,6186180,4784344,329365792,256642995,CBOE Daily Market Statistics 官方页面
2025-10-02,0.81,1.11,0.47,1.16,0.82,1.15,6169148,5022590,336819441,261538502,CBOE Daily Market Statistics 官方页面
2025-10-03,0.84,1.1,0.6,0.97,0.3,1.3,8159007,6845176,343200632,267387978,CBOE Daily Market Statistics 官方页面
2025-10-06,0.73,1.03,0.45,0.93,0.35,1.18,5946359,4345903,334165051,260871268,CBOE Daily Market Statistics 官方页面
2025-10-07,0.91,1.1,0.5,1.26,0.54,1.22,6278592,5689915,342698142,266605889,CBOE Daily Market Statistics 官方页面
2025-10-08,0.76,1.0,0.5,0.98,0.37,1.15,6232735,4747818,349431096,272369011,CBOE Daily Market Statistics 官方页面
2025-10-09,0.8,1.05,0.54,1.03,0.34,1.22,6623759,5309078,356279757,277592048,CBOE Daily Market Statistics 官方页面
2025-10-10,0.98,1.19,0.69,1.23,0.72,1.36,10236399,10055777,362947956,282228561,CBOE Daily Market Statistics 官方页面
2025-10-13,0.81,0.98,0.55,1.02,0.36,1.31,6626984,5367728,353677514,275977397,CBOE Daily Market Statistics 官方页面
2025-10-14,0.87,1.14,0.49,1.1,0.63,1.31,6603471,5768653,361270697,280342722,CBOE Daily Market Statistics 官方页面
2025-10-15,0.78,1.0,0.48,0.92,0.49,1.13,7413715,5749965,367860756,284939787,CBOE Daily Market Statistics 官方页面
2025-10-16,0.86,1.18,0.56,0.73,1.05,1.25,7987163,6857518,375114220,289807502,CBOE Daily Market Statistics 官方页面
2025-10-17,0.93,1.07,0.72,1.09,0.62,1.28,8512024,7911429,381854733,295797213,CBOE Daily Market Statistics 官方页面
2025-10-20,0.86,1.14,0.5,1.1,0.81,1.28,6186918,5329193,328659684,249867639,CBOE Daily Market Statistics 官方页面
2025-10-21,0.88,1.24,0.48,0.98,0.89,1.37,5708542,5050346,337751942,255645229,CBOE Daily Market Statistics 官方页面
2025-10-22,0.83,1.07,0.53,0.92,0.33,1.29,6591322,5450014,345178106,261220343,CBOE Daily Market Statistics 官方页面
2025-10-23,0.85,1.12,0.6,0.93,0.91,1.16,5794868,4931325,348411401,264356596,CBOE Daily Market Statistics 官方页面
2025-10-24,0.86,1.07,0.52,1.35,0.42,1.17,7274236,6282337,355225459,269429019,CBOE Daily Market Statistics 官方页面
2025-10-27,0.79,0.99,0.46,1.06,0.43,1.14,6232712,4931725,344900350,261261739,CBOE Daily Market Statistics 官方页面
2025-10-28,0.74,0.92,0.47,0.97,0.41,1.02,6564178,4887399,355132657,267213171,CBOE Daily Market Statistics 官方页面
2025-10-29,0.78,1.05,0.44,1.21,0.95,1.04,6328784,4941051,361853754,272416526,CBOE Daily Market Statistics 官方页面
2025-10-30,0.81,1.14,0.57,0.81,0.78,1.24,7196671,5816622,368288742,277736435,CBOE Daily Market Statistics 官方页面
2025-10-31,0.86,1.02,0.55,1.37,0.52,1.1,8109556,6986119,373979183,281671262,CBOE Daily Market Statistics 官方页面
2025-11-03,0.93,1.09,0.58,1.35,0.59,1.18,6054096,5605064,358106049,268879637,CBOE Daily Market Statistics 官方页面
2025-11-04,0.85,0.99,0.66,0.89,0.36,1.28,6482687,5506669,365097422,275025057,CBOE Daily Market Statistics 官方页面
2025-11-05,0.85,1.05,0.57,1.1,0.68,1.12,5648767,4794664,371393969,279881644,CBOE Daily Market Statistics 官方页面
2025-11-06,0.88,1.14,0.56,0.98,0.83,1.2,6340184,5590094,377647946,284184719,CBOE Daily Market Statistics 官方页面
2025-11-07,1.08,1.19,0.63,1.73,1.04,1.21,7789268,8380694,383346003,287356613,CBOE Daily Market Statistics 官方页面
2025-11-10,0.83,1.08,0.49,0.99,1.08,1.07,6478843,5379417,371144704,279315186,CBOE Daily Market Statistics 官方页面
2025-11-11,0.85,0.94,0.7,0.96,0.35,1.15,5625736,4777957,377929158,283735408,CBOE Daily Market Statistics 官方页面
2025-11-12,0.78,0.95,0.56,0.78,0.64,1.04,5770044,4518923,382873816,287559422,CBOE Daily Market Statistics 官方页面
2025-11-13,0.83,1.0,0.65,0.91,0.61,1.11,8394785,7006829,388418626,290961669,CBOE Daily Market Statistics 官方页面
2025-11-14,1.04,1.14,0.63,1.53,0.76,1.26,6853109,7143791,393808636,294782245,CBOE Daily Market Statistics 官方页面
2025-11-17,0.97,1.04,0.76,1.12,0.53,1.29,6764844,6548165,382544567,287347473,CBOE Daily Market Statistics 官方页面
2025-11-18,0.91,0.94,0.7,1.19,0.6,1.13,7148915,6539599,391106529,295553874,CBOE Daily Market Statistics 官方页面
2025-11-19,0.98,1.12,0.63,1.2,0.76,1.25,6158537,6033875,397044905,299497961,CBOE Daily Market Statistics 官方页面
2025-11-20,0.95,1.1,0.59,1.17,0.73,1.21,8801860,8334101,398576936,300715498,CBOE Daily Market Statistics 官方页面
2025-11-21,0.87,1.03,0.56,1.28,0.44,1.23,8422864,7364367,404454341,303125294,CBOE Daily Market Statistics 官方页面
2025-11-24,0.91,1.13,0.58,1.1,0.79,1.16,5566923,5092379,341210564,260194873,CBOE Daily Market Statistics 官方页面
2025-11-25,0.94,1.06,0.76,1.04,0.7,1.12,5979941,5646813,349781336,264767992,CBOE Daily Market Statistics 官方页面
2025-11-26,0.88,0.92,0.69,1.13,0.44,1.02,6207418,5484345,355921317,269167820,CBOE Daily Market Statistics 官方页面
2025-11-28,0.7,1.06,0.44,0.81,1.47,1.01,4491305,3148344,361783886,273111970,CBOE Daily Market Statistics 官方页面
2025-12-01,0.95,1.13,0.59,1.13,0.68,1.21,5198968,4942636,350302188,263896089,CBOE Daily Market Statistics 官方页面
2025-12-02,0.79,0.95,0.54,0.85,0.4,1.12,5935712,4692554,356145631,268619263,CBOE Daily Market Statistics 官方页面
2025-12-03,0.91,1.18,0.58,1.05,0.94,1.22,5298831,4830617,361668869,272905724,CBOE Daily Market Statistics 官方页面
2025-12-04,0.78,1.04,0.5,0.89,0.7,1.11,5815860,4510427,366805529,276763690,CBOE Daily Market Statistics 官方页面
2025-12-05,0.75,1.07,0.43,0.83,0.77,1.13,7243856,5442981,371827557,281142016,CBOE Daily Market Statistics 官方页面
2025-12-08,0.91,0.99,0.65,1.16,0.69,1.06,5208624,4717403,365065897,277644451,CBOE Daily Market Statistics 官方页面
2025-12-09,0.82,1.06,0.52,0.85,0.54,1.26,5052582,4142025,371097228,281991684,CBOE Daily Market Statistics 官方页面
2025-12-10,0.91,1.02,0.59,1.27,0.65,1.21,5215453,4756741,376771429,286048572,CBOE Daily Market Statistics 官方页面
2025-12-11,0.83,1.06,0.59,0.77,0.59,1.19,6044234,5018842,381496678,289508919,CBOE Daily Market Statistics 官方页面
2025-12-12,0.91,1.14,0.57,1.0,0.84,1.25,7875873,7133886,385980290,293427887,CBOE Daily Market Statistics 官方页面
2025-12-15,0.92,1.1,0.58,1.05,0.68,1.21,5466947,5015347,377716980,287173815,CBOE Daily Market Statistics 官方页面
2025-12-16,0.94,1.01,0.74,1.08,0.56,1.16,5747774,5404088,380019619,291374965,CBOE Daily Market Statistics 官方页面
2025-12-17,0.99,1.09,0.75,1.18,0.83,1.14,6178145,6137035,384681046,294500563,CBOE Daily Market Statistics 官方页面
2025-12-18,0.79,0.98,0.59,0.72,0.19,1.18,6964707,5510496,386084196,295562068,CBOE Daily Market Statistics 官方页面
2025-12-19,0.85,1.05,0.59,1.01,0.3,1.27,6784400,5753346,390724620,298822145,CBOE Daily Market Statistics 官方页面
2025-12-22,0.89,1.03,0.61,1.06,0.44,1.2,5340732,4775017,320772768,237685977,CBOE Daily Market Statistics 官方页面
2025-12-23,0.8,1.01,0.46,1.01,0.33,1.11,5021201,4027795,328878871,241925178,CBOE Daily Market Statistics 官方页面
2025-12-24,0.91,0.96,0.57,1.31,0.61,1.0,2887353,2618345,333426677,246631156,CBOE Daily Market Statistics 官方页面
2025-12-26,0.85,1.08,0.64,0.8,0.24,1.22,4646850,3942288,334972543,247471249,CBOE Daily Market Statistics 官方页面
2025-12-29,0.93,0.96,0.67,1.27,0.3,1.15,4364719,4069878,326902620,243903797,CBOE Daily Market Statistics 官方页面
2025-12-30,0.83,1.08,0.51,0.78,0.37,1.26,4117915,3422881,331110625,247316767,CBOE Daily Market Statistics 官方页面
2025-12-31,1.13,1.12,0.92,1.39,0.38,1.3,5320342,6006605,334747850,250342782,CBOE Daily Market Statistics 官方页面
2026-01-02,0.83,1.08,0.56,0.85,0.47,1.16,6313693,5236603,334996305,249036696,CBOE Daily Market Statistics 官方页面
2026-01-05,0.89,1.1,0.54,1.18,0.45,1.26,5958549,5278923,330616431,246127070,CBOE Daily Market Statistics 官方页面
2026-01-06,0.9,1.02,0.58,1.28,0.51,1.11,5769892,5214303,338117512,251461477,CBOE Daily Market Statistics 官方页面
2026-01-07,0.96,1.02,0.63,1.48,0.37,1.14,5443848,5203071,344688517,258989973,CBOE Daily Market Statistics 官方页面
2026-01-08,0.83,1.04,0.49,1.1,0.53,1.15,5600042,4671579,349679527,263258854,CBOE Daily Market Statistics 官方页面
2026-01-09,0.75,1.0,0.47,0.87,0.5,1.09,6882775,5167187,355502274,267089957,CBOE Daily Market Statistics 官方页面
2026-01-12,0.97,1.19,0.66,1.13,0.91,1.23,5247164,5114992,349654788,264114486,CBOE Daily Market Statistics 官方页面
2026-01-13,0.88,1.0,0.7,0.85,0.39,1.27,6113863,5353780,356512215,269461228,CBOE Daily Market Statistics 官方页面
2026-01-14,0.93,0.92,0.77,1.22,0.41,1.15,7372476,6890588,362445732,274694185,CBOE Daily Market Statistics 官方页面
2026-01-15,0.83,1.07,0.52,0.88,0.56,1.23,7249404,6008868,368549941,280510054,CBOE Daily Market Statistics 官方页面
2026-01-16,0.73,1.02,0.46,0.87,0.29,1.21,8112129,5914932,375161863,284974644,CBOE Daily Market Statistics 官方页面
2026-01-20,0.9,0.95,0.52,1.34,0.46,1.28,7664820,6870363,266502021,204275461,CBOE Daily Market Statistics 官方页面
2026-01-21,0.85,0.91,0.46,1.31,0.41,1.09,7975355,6755743,274465721,211022257,CBOE Daily Market Statistics 官方页面
2026-01-22,0.76,1.02,0.41,0.96,0.38,1.23,6700965,5089640,278939186,215131308,CBOE Daily Market Statistics 官方页面
2026-01-23,0.88,1.1,0.58,1.04,0.34,1.27,6573581,5772799,287522967,221489284,CBOE Daily Market Statistics 官方页面
2026-01-26,0.96,1.15,0.56,1.22,0.52,1.27,5183241,4996389,281183767,217148320,CBOE Daily Market Statistics 官方页面
2026-01-27,0.76,0.99,0.54,0.69,0.29,1.15,6489687,4903325,289327892,223503889,CBOE Daily Market Statistics 官方页面
2026-01-28,0.81,0.93,0.57,0.94,0.26,1.15,6035019,4885513,297301585,228991009,CBOE Daily Market Statistics 官方页面
2026-01-29,0.84,1.0,0.52,1.1,0.4,1.17,8143796,6841435,304067342,234034668,CBOE Daily Market Statistics 官方页面
2026-01-30,0.82,1.04,0.58,0.89,0.33,1.22,8538916,7020575,311164381,239227499,CBOE Daily Market Statistics 官方页面
2026-02-02,0.93,0.92,0.65,1.47,0.24,1.26,6036898,5613552,300982862,230634597,CBOE Daily Market Statistics 官方页面
2026-02-03,0.84,1.03,0.53,0.96,0.51,1.2,7583844,6401997,307604240,235459897,CBOE Daily Market Statistics 官方页面
2026-02-04,1.0,1.02,0.63,1.7,0.52,1.12,6838800,6836192,315412412,241947423,CBOE Daily Market Statistics 官方页面
2026-02-05,0.92,1.09,0.65,1.06,0.7,1.2,7026779,6470921,321716670,247013925,CBOE Daily Market Statistics 官方页面
2026-02-06,0.86,1.13,0.58,0.91,0.75,1.18,7085377,6103934,329552851,252801747,CBOE Daily Market Statistics 官方页面
2026-02-09,0.88,1.02,0.6,1.04,0.65,1.11,6179103,5428894,321763499,246810478,CBOE Daily Market Statistics 官方页面
2026-02-10,0.97,1.09,0.78,1.0,0.57,1.2,4975287,4838074,328084572,251659923,CBOE Daily Market Statistics 官方页面
2026-02-11,1.01,1.05,0.67,1.69,0.38,1.22,5680347,5759817,333254955,256360992,CBOE Daily Market Statistics 官方页面
2026-02-12,0.94,1.13,0.67,0.9,0.68,1.28,7236639,6781834,338676007,260150758,CBOE Daily Market Statistics 官方页面
2026-02-13,0.88,1.14,0.6,0.82,0.48,1.38,6888815,6066712,343602116,264374152,CBOE Daily Market Statistics 官方页面
2026-02-17,0.98,0.93,0.83,1.44,0.36,1.23,6252722,6144969,335143359,257734462,CBOE Daily Market Statistics 官方页面
2026-02-18,1.01,1.06,0.69,1.36,0.26,1.42,6250684,6292278,341323741,262294704,CBOE Daily Market Statistics 官方页面
2026-02-19,0.87,1.05,0.64,0.87,0.36,1.22,6254052,5414552,343185448,264135740,CBOE Daily Market Statistics 官方页面
2026-02-20,0.9,1.15,0.65,0.94,0.41,1.28,7976608,7184791,348804027,267894392,CBOE Daily Market Statistics 官方页面
2026-02-23,0.93,1.04,0.63,1.17,0.44,1.14,6748791,6286718,295716790,228801207,CBOE Daily Market Statistics 官方页面
2026-02-24,0.87,1.03,0.62,0.89,0.38,1.17,5843045,5054840,303566568,234588734,CBOE Daily Market Statistics 官方页面
2026-02-25,0.85,0.92,0.61,1.11,0.3,1.09,6221891,5288960,310367409,239949491,CBOE Daily Market Statistics 官方页面
2026-02-26,0.85,0.9,0.59,1.23,0.28,1.12,6801065,5758361,317661127,245656166,CBOE Daily Market Statistics 官方页面
2026-02-27,0.84,1.0,0.66,0.85,0.43,1.12,7669423,6416182,324067808,250662111,CBOE Daily Market Statistics 官方页面
2026-03-02,0.94,1.1,0.67,1.03,0.48,1.24,6792927,6416628,315182819,244318711,CBOE Daily Market Statistics 官方页面
2026-03-03,0.96,0.98,0.72,1.25,0.61,1.11,6991355,6731797,322294714,249467598,CBOE Daily Market Statistics 官方页面
2026-03-04,0.94,1.04,0.65,1.18,0.51,1.25,6462097,6101803,328406733,255045189,CBOE Daily Market Statistics 官方页面
2026-03-05,0.9,1.06,0.6,0.94,0.79,1.15,6905835,6245136,333988106,259345724,CBOE Daily Market Statistics 官方页面
2026-03-06,0.96,1.12,0.67,1.05,0.78,1.25,7545274,7253738,339777812,264902324,CBOE Daily Market Statistics 官方页面
2026-03-09,1.0,1.02,0.64,1.43,0.57,1.17,7500654,7476689,331408838,260480367,CBOE Daily Market Statistics 官方页面
2026-03-10,0.94,1.07,0.57,1.19,0.63,1.22,7128276,6716782,336155678,263759856,CBOE Daily Market Statistics 官方页面
2026-03-11,1.05,1.01,0.8,1.5,0.45,1.15,6027517,6302355,341862133,267859203,CBOE Daily Market Statistics 官方页面
2026-03-12,0.91,1.0,0.68,1.05,0.55,1.16,6683053,6058421,346429503,271790039,CBOE Daily Market Statistics 官方页面
2026-03-13,0.9,1.02,0.58,1.07,0.39,1.23,7531159,6751724,352187931,275619478,CBOE Daily Market Statistics 官方页面
2026-03-16,1.05,1.03,0.76,1.53,0.32,1.26,6445208,6779665,343655286,270309117,CBOE Daily Market Statistics 官方页面
2026-03-17,1.0,0.99,0.86,1.32,0.46,1.27,5893945,5921060,349621025,274271677,CBOE Daily Market Statistics 官方页面
2026-03-18,1.12,1.02,0.9,1.81,0.4,1.26,5842193,6552573,355220767,278019208,CBOE Daily Market Statistics 官方页面
2026-03-19,0.84,1.04,0.58,0.81,0.44,1.19,7970965,6703452,356037581,278569189,CBOE Daily Market Statistics 官方页面
2026-03-20,1.01,1.15,0.81,1.02,0.51,1.26,8470770,8517643,361791305,281189713,CBOE Daily Market Statistics 官方页面
2026-03-23,0.99,1.06,0.57,1.4,0.72,1.14,7046819,6971037,285332584,226404785,CBOE Daily Market Statistics 官方页面
2026-03-24,0.89,0.95,0.58,1.2,0.37,1.1,6542068,5817231,293477679,230836753,CBOE Daily Market Statistics 官方页面
2026-03-25,0.99,1.06,0.56,1.6,0.59,1.16,6364009,6293842,299687385,235490539,CBOE Daily Market Statistics 官方页面
2026-03-26,1.0,1.21,0.63,1.1,1.15,1.23,6481103,6470334,305002308,239029287,CBOE Daily Market Statistics 官方页面
2026-03-27,0.96,1.15,0.56,1.33,0.81,1.21,8104318,7810060,312368281,243674171,CBOE Daily Market Statistics 官方页面
2026-03-30,1.07,1.16,0.66,1.51,0.7,1.21,6123336,6548150,305867836,238653809,CBOE Daily Market Statistics 官方页面
2026-03-31,0.96,1.1,0.56,1.07,1.11,1.11,7541245,7225202,311407262,242130747,CBOE Daily Market Statistics 官方页面
2026-04-01,1.03,1.07,0.63,1.54,0.48,1.32,6620745,6847222,316271261,243136779,CBOE Daily Market Statistics 官方页面
2026-04-02,1.05,1.16,0.59,1.48,0.52,1.28,6687111,7041030,320967637,247650261,CBOE Daily Market Statistics 官方页面
2026-04-06,1.02,1.08,0.68,1.43,0.4,1.26,5044992,5136187,314541849,242647994,CBOE Daily Market Statistics 官方页面
2026-04-07,0.96,0.98,0.72,1.2,0.55,1.07,5754871,5499368,319735492,247020450,CBOE Daily Market Statistics 官方页面
2026-04-08,1.03,1.08,0.56,1.69,0.5,1.31,7528911,7763793,324684361,251712573,CBOE Daily Market Statistics 官方页面
2026-04-09,0.89,0.98,0.48,1.49,0.7,1.06,6890950,6146014,329535540,256179692,CBOE Daily Market Statistics 官方页面
2026-04-10,0.82,0.93,0.51,1.13,0.35,1.18,7187680,5888467,335534332,259869675,CBOE Daily Market Statistics 官方页面
2026-04-13,0.87,0.96,0.52,1.25,0.58,1.06,6523223,5656501,329159826,254643092,CBOE Daily Market Statistics 官方页面
2026-04-14,0.68,0.7,0.5,0.91,0.29,0.92,9702633,6645701,335774371,258873568,CBOE Daily Market Statistics 官方页面
2026-04-15,0.78,0.93,0.47,1.03,0.58,0.99,8365971,6544247,345074074,265085127,CBOE Daily Market Statistics 官方页面
2026-04-16,0.67,0.82,0.45,0.69,0.26,1.09,8915157,5978373,347979675,267929629,CBOE Daily Market Statistics 官方页面
2026-04-17,0.66,0.85,0.41,0.79,0.35,0.94,10783484,7153899,354908678,273105469,CBOE Daily Market Statistics 官方页面
2026-04-20,0.91,1.16,0.54,1.13,0.84,1.17,5628915,5140739,303426346,231250844,CBOE Daily Market Statistics 官方页面
2026-04-21,0.94,1.11,0.56,1.17,0.42,1.22,6589094,6187310,310357036,236403490,CBOE Daily Market Statistics 官方页面
2026-04-22,0.86,1.09,0.48,1.25,0.66,1.15,5912069,5075367,316645771,242947200,CBOE Daily Market Statistics 官方页面
2026-04-23,0.91,1.19,0.51,1.1,0.54,1.25,7061904,6391410,322551416,247686360,CBOE Daily Market Statistics 官方页面
2026-04-24,0.79,0.95,0.53,1.06,0.42,1.06,8095583,6398057,328523021,252926496,CBOE Daily Market Statistics 官方页面
2026-04-27,0.86,1.12,0.5,1.25,0.61,1.19,6167119,5289795,318392760,245225338,CBOE Daily Market Statistics 官方页面
2026-04-28,0.83,1.07,0.52,0.91,0.6,1.14,5658924,4714266,324261347,249907292,CBOE Daily Market Statistics 官方页面
2026-04-29,0.93,1.0,0.52,1.87,0.18,1.26,5441482,5044802,330183617,254651870,CBOE Daily Market Statistics 官方页面
2026-04-30,0.78,0.97,0.46,0.98,0.44,1.03,7308652,5670916,335568634,259836586,CBOE Daily Market Statistics 官方页面
2026-05-01,0.76,0.98,0.46,0.99,0.28,1.07,7878834,6020145,341579309,263346175,CBOE Daily Market Statistics 官方页面
2026-05-04,0.87,1.12,0.54,0.98,0.16,1.29,6659889,5782231,331174608,255993759,CBOE Daily Market Statistics 官方页面
2026-05-05,0.84,1.06,0.57,1.02,0.47,1.16,6148837,5151924,338189454,261712114,CBOE Daily Market Statistics 官方页面
2026-05-06,0.67,0.71,0.51,0.9,0.37,0.77,9840592,6577862,344873715,267714421,CBOE Daily Market Statistics 官方页面
2026-05-07,0.8,1.11,0.46,0.87,0.48,1.21,7663466,6104178,352150750,273052706,CBOE Daily Market Statistics 官方页面
2026-05-08,0.74,1.03,0.53,0.78,0.36,1.14,7971705,5931593,358706172,278696823,CBOE Daily Market Statistics 官方页面
2026-05-11,0.74,1.18,0.43,0.79,0.65,1.28,7976455,5933534,350720588,272608889,CBOE Daily Market Statistics 官方页面
2026-05-12,0.84,1.13,0.49,0.98,0.68,1.21,7000859,5899744,359681085,278866736,CBOE Daily Market Statistics 官方页面
2026-05-13,0.73,0.89,0.5,0.93,0.3,0.99,8071792,5921908,366716585,284302207,CBOE Daily Market Statistics 官方页面
2026-05-14,0.67,0.93,0.51,0.51,0.7,0.96,9242057,6147949,372858680,288682571,CBOE Daily Market Statistics 官方页面
2026-05-15,0.93,1.03,0.59,1.35,0.37,1.15,8161103,7556044,380876921,294562552,CBOE Daily Market Statistics 官方页面
2026-05-18,0.82,0.91,0.51,1.2,0.49,1.07,8269847,6760839,325076273,252337996,CBOE Daily Market Statistics 官方页面
2026-05-19,0.84,0.91,0.56,1.07,0.18,1.23,7003384,5861222,332825334,258030592,CBOE Daily Market Statistics 官方页面
2026-05-20,0.75,0.77,0.49,1.18,0.19,1.0,7261739,5454113,335833549,261592293,CBOE Daily Market Statistics 官方页面
2026-05-21,0.83,0.97,0.49,1.13,0.5,1.03,7012044,5831498,342782912,265569132,CBOE Daily Market Statistics 官方页面
2026-05-22,0.85,1.18,0.55,0.94,0.75,1.2,7566394,6464531,349620846,270130020,CBOE Daily Market Statistics 官方页面
2026-05-26,0.82,1.11,0.47,1.01,0.51,1.2,7165995,5891495,340453457,262822757,CBOE Daily Market Statistics 官方页面
2026-05-27,0.83,1.08,0.43,1.28,0.28,1.18,6320985,5263595,348918246,270390377,CBOE Daily Market Statistics 官方页面
2026-05-28,0.74,1.07,0.39,1.03,0.61,1.15,7339279,5466247,354714727,273153694,CBOE Daily Market Statistics 官方页面
2026-05-29,0.64,0.84,0.42,0.73,0.34,0.88,9929868,6340894,363099417,278795092,CBOE Daily Market Statistics 官方页面
2026-06-01,0.77,0.99,0.44,1.17,0.51,1.05,7350592,5642386,354864186,269903922,CBOE Daily Market Statistics 官方页面
2026-06-02,0.73,1.0,0.43,0.91,0.34,1.17,6899942,5053416,362606205,276072918,CBOE Daily Market Statistics 官方页面
2026-06-03,0.83,1.02,0.49,1.28,0.29,1.22,7539723,6268070,369505823,281624931,CBOE Daily Market Statistics 官方页面
2026-06-04,0.77,1.07,0.44,0.86,0.82,1.09,7250304,5592580,374710319,286327689,CBOE Daily Market Statistics 官方页面
2026-06-05,0.97,1.13,0.67,1.08,0.43,1.32,10510810,10181070,381104297,290768966,CBOE Daily Market Statistics 官方页面
2026-06-08,0.96,1.24,0.52,1.13,0.73,1.34,7027471,6720631,371664838,285170641,CBOE Daily Market Statistics 官方页面
2026-06-09,0.96,1.11,0.62,1.11,0.37,1.26,9319564,8958918,377583765,288784340,CBOE Daily Market Statistics 官方页面
2026-06-10,0.97,1.06,0.66,1.23,0.4,1.23,7547038,7323503,383457608,293631597,CBOE Daily Market Statistics 官方页面
2026-06-11,0.86,0.98,0.56,1.05,0.43,1.06,7975543,6858272,387851902,296039577,CBOE Daily Market Statistics 官方页面
2026-06-12,0.76,1.06,0.54,0.68,0.67,1.14,8901580,6779179,393876158,299257328,CBOE Daily Market Statistics 官方页面
2026-06-15,0.89,1.16,0.54,0.96,1.28,1.15,7943739,7081600,384447439,294048439,CBOE Daily Market Statistics 官方页面
2026-06-16,0.84,0.93,0.59,1.0,0.24,1.29,7470290,6252207,390919569,298601868,CBOE Daily Market Statistics 官方页面
2026-06-17,0.86,1.11,0.59,0.91,0.32,1.28,8690032,7452521,397741527,304034409,CBOE Daily Market Statistics 官方页面
2026-06-18,0.91,1.17,0.58,1.1,0.2,1.32,8507519,7735936,399085866,305057860,CBOE Daily Market Statistics 官方页面
2026-06-22,0.92,1.08,0.6,1.15,0.23,1.22,7400044,6772343,316004810,237180862,CBOE Daily Market Statistics 官方页面
2026-06-23,0.92,1.06,0.56,1.13,0.41,1.18,7134549,6533188,324433011,242661565,CBOE Daily Market Statistics 官方页面
2026-06-24,1.02,1.16,0.61,1.38,0.82,1.2,7134305,7310631,331072069,248185535,CBOE Daily Market Statistics 官方页面
2026-06-25,0.99,1.18,0.67,1.14,0.57,1.23,6968999,6884231,337341843,253280729,CBOE Daily Market Statistics 官方页面
2026-06-26,1.12,1.19,0.85,1.4,0.73,1.22,7521819,8392811,343953685,257893044,CBOE Daily Market Statistics 官方页面
2026-06-29,0.95,1.19,0.59,1.18,1.4,1.16,7189263,6819225,336037018,253043301,CBOE Daily Market Statistics 官方页面
2026-06-30,0.88,1.01,0.64,0.98,0.61,1.09,7522719,6653616,344175476,258879894,CBOE Daily Market Statistics 官方页面
2026-07-01,0.9,0.95,0.69,1.18,0.33,1.02,7283318,6553228,348924211,260108078,CBOE Daily Market Statistics 官方页面
2026-07-02,0.79,0.97,0.53,0.95,0.38,1.07,9428474,7490078,354576277,263787381,CBOE Daily Market Statistics 官方页面
2026-07-06,0.9,1.02,0.62,1.19,0.43,1.13,6759040,6092954,348613164,259745757,CBOE Daily Market Statistics 官方页面
2026-07-07,0.9,1.01,0.69,0.98,0.21,1.24,6760390,6100320,355038572,263980800,CBOE Daily Market Statistics 官方页面
2026-07-08,1.03,1.01,0.86,1.3,0.51,1.12,6694020,6882250,361294714,269267379,CBOE Daily Market Statistics 官方页面
2026-07-09,0.86,1.01,0.57,1.04,0.51,1.08,6791245,5841232,364983107,272232308,CBOE Daily Market Statistics 官方页面
2026-07-10,0.81,1.01,0.55,0.93,0.44,1.12,7870678,6397616,370811059,275958851,CBOE Daily Market Statistics 官方页面
2026-07-13,0.96,1.1,0.67,1.21,0.49,1.23,7863822,7580514,362594262,269836524,CBOE Daily Market Statistics 官方页面
2026-07-14,0.93,1.01,0.62,1.17,0.32,1.18,7158130,6625669,368716352,275592474,CBOE Daily Market Statistics 官方页面
2026-07-15,0.93,1.02,0.69,1.16,0.35,1.15,8498647,7894155,374255439,279644665,CBOE Daily Market Statistics 官方页面
2026-07-16,0.87,0.98,0.67,0.95,0.25,1.17,8650205,7520802,379361519,283528467,CBOE Daily Market Statistics 官方页面
2026-07-17,0.97,0.98,0.73,1.26,0.36,1.18,9230895,9000057,386859241,287633336,CBOE Daily Market Statistics 官方页面
2026-07-20,1.0,1.07,0.66,1.29,0.63,1.14,6863790,6852211,325895397,245362705,CBOE Daily Market Statistics 官方页面
2026-07-21,0.92,1.0,0.65,1.11,0.51,1.23,6460731,5975690,332989167,250017731,CBOE Daily Market Statistics 官方页面
2026-07-22,1.01,1.06,0.67,1.37,0.71,1.14,6031257,6071481,339998261,255605343,CBOE Daily Market Statistics 官方页面
2026-07-23,0.88,0.86,0.61,1.28,0.29,1.09,7927850,6991884,342093262,257957465,CBOE Daily Market Statistics 官方页面
2026-07-24,0.99,1.08,0.79,1.13,0.42,1.17,7811723,7760696,347986427,262788209,CBOE Daily Market Statistics 官方页面
2026-07-27,0.94,1.02,0.66,1.14,0.5,1.07,7018459,6618932,337360276,255825343,CBOE Daily Market Statistics 官方页面
2026-07-28,0.96,1.11,0.71,1.02,0.86,1.13,6122932,5903793,343398299,259864099,CBOE Daily Market Statistics 官方页面
2026-07-29,1.05,1.13,0.61,1.46,0.67,1.23,6852754,7181783,349685470,264206325,CBOE Daily Market Statistics 官方页面
2026-07-30,0.91,1.0,0.61,1.13,0.35,1.18,7207041,6534406,355369621,268257851,CBOE Daily Market Statistics 官方页面
2026-07-31,0.91,1.01,0.63,1.05,0.35,1.1,8067191,7343798,361493746,272777352,CBOE Daily Market Statistics 官方页面
2026-08-03,0.8,0.88,0.55,1.04,0.67,0.9,8445760,6738959,347703827,263690974,CBOE Daily Market Statistics 官方页面
2026-08-04,0.69,0.78,0.46,0.77,0.33,0.84,9878682,6840806,357080775,271127820,CBOE Daily Market Statistics 官方页面
2026-08-05,0.88,0.94,0.6,1.18,0.39,1.05,7531539,6625417,366049828,277479475,CBOE Daily Market Statistics 官方页面
2026-08-06,0.86,1.03,0.57,0.94,0.44,1.15,6530564,5606483,370895039,281919112,CBOE Daily Market Statistics 官方页面
2026-08-07,0.76,0.98,0.54,0.79,0.29,1.13,7952453,6075839,376659596,285857865,CBOE Daily Market Statistics 官方页面
2026-08-10,0.86,1.0,0.61,1.04,0.34,1.13,6328180,5449986,366354890,277522681,CBOE Daily Market Statistics 官方页面
2026-08-11,0.81,0.9,0.63,0.87,0.2,1.15,6095998,4951310,373120312,282127954,CBOE Daily Market Statistics 官方页面
2026-08-12,0.84,1.03,0.61,0.86,0.53,1.14,6394034,5387272,378607559,286497472,CBOE Daily Market Statistics 官方页面
2026-08-13,0.79,0.93,0.59,0.83,0.61,0.97,7259056,5710373,383083173,290882995,CBOE Daily Market Statistics 官方页面
2026-08-17,0.92,1.03,0.65,1.13,0.42,1.28,6034709,5524914,380067542,289681911,CBOE Daily Market Statistics 官方页面
2026-08-18,0.95,1.12,0.64,1.19,0.44,1.31,6337844,6048868,386536509,294561530,CBOE Daily Market Statistics 官方页面
2026-08-19,0.8,0.97,0.52,1.03,0.3,1.14,7328387,5872412,392251340,299340079,CBOE Daily Market Statistics 官方页面
2026-08-20,0.78,0.92,0.58,0.84,0.2,1.06,7883354,6143979,393932806,301513369,CBOE Daily Market Statistics 官方页面
2026-08-21,0.72,0.85,0.51,0.89,0.21,1.13,8725112,6297274,400128895,305675920,CBOE Daily Market Statistics 官方页面
2026-08-24,0.91,1.0,0.68,1.12,0.27,1.14,5760085,5232724,344875749,270634857,CBOE Daily Market Statistics 官方页面
2026-08-25,0.83,0.97,0.57,0.91,0.43,1.1,5417318,4487360,350968125,268806731,CBOE Daily Market Statistics 官方页面
2026-08-26,0.87,0.94,0.64,1.13,0.34,1.05,5372475,4671720,359815915,273320892,CBOE Daily Market Statistics 官方页面
2026-08-27,0.73,0.92,0.39,1.04,0.42,1.1,7805911,5678797,364296344,276773631,CBOE Daily Market Statistics 官方页面
2026-08-28,0.84,0.99,0.62,0.91,0.25,1.15,8601823,7185632,371767572,281435749,CBOE Daily Market Statistics 官方页面
2026-08-31,0.84,0.92,0.7,0.85,0.25,1.05,6481420,5412900,362632859,275731978,CBOE Daily Market Statistics 官方页面
2026-09-01,0.95,1.03,0.67,1.21,0.34,1.21,6916122,6603472,366742789,278267659,CBOE Daily Market Statistics 官方页面
2026-09-02,0.84,0.91,0.56,1.31,0.33,1.05,6473738,5439577,372767856,283707701,CBOE Daily Market Statistics 官方页面
2026-09-03,0.76,0.94,0.47,0.96,0.48,0.99,7924751,6011424,377122646,286459001,CBOE Daily Market Statistics 官方页面
2026-09-04,0.76,0.89,0.58,0.85,0.21,1.15,8097199,6151527,383885124,291007001,CBOE Daily Market Statistics 官方页面
2026-09-08,0.8,0.99,0.48,0.97,0.3,1.2,7456774,5981179,376766029,284924473,CBOE Daily Market Statistics 官方页面
2026-09-09,0.88,0.95,0.67,1.14,0.35,1.14,7231061,6354384,384441292,289566656,CBOE Daily Market Statistics 官方页面
2026-09-10,0.83,0.85,0.6,1.17,0.26,1.14,7503900,6205771,388761930,293098996,CBOE Daily Market Statistics 官方页面
2026-09-14,0.91,0.96,0.67,1.22,0.39,1.11,7506539,6834365,387702303,292841585,CBOE Daily Market Statistics 官方页面
2026-09-15,0.86,1.01,0.56,0.99,0.33,1.2,6549846,5606310,393787867,296662521,CBOE Daily Market Statistics 官方页面
2026-09-16,0.98,1.02,0.69,1.39,0.4,1.28,7210431,7095601,399915586,301152620,CBOE Daily Market Statistics 官方页面
2026-09-17,0.79,1.07,0.52,0.76,0.5,1.15,7656055,6079335,401054225,302908317,CBOE Daily Market Statistics 官方页面
2026-09-18,0.81,0.98,0.58,0.94,0.21,1.13,8611443,6965360,408090936,306767452,CBOE Daily Market Statistics 官方页面
2026-09-21,0.74,0.8,0.53,0.97,0.59,0.81,9354684,6958239,337822567,253287582,CBOE Daily Market Statistics 官方页面
2026-09-22,0.78,0.93,0.47,0.93,0.47,1.04,7370404,5727319,347203179,258914826,CBOE Daily Market Statistics 官方页面
2026-09-23,0.86,1.04,0.46,1.17,0.36,1.18,7416936,6364419,355533996,264961224,CBOE Daily Market Statistics 官方页面
2026-09-24,0.8,0.87,0.55,0.98,0.38,0.96,7312099,5870338,360861651,269257611,CBOE Daily Market Statistics 官方页面
2026-09-25,0.75,0.95,0.52,0.77,0.29,1.06,7971692,5968172,367017556,273556152,CBOE Daily Market Statistics 官方页面
2026-09-28,0.88,0.97,0.58,1.15,0.48,1.02,7471856,6540544,358527487,267952249,CBOE Daily Market Statistics 官方页面
2026-09-29,0.76,1.01,0.38,0.91,0.41,1.09,7169741,5423575,364939358,273082259,CBOE Daily Market Statistics 官方页面
2026-09-30,0.88,1.03,0.53,1.04,0.56,1.09,7297095,6437396,371253151,277519661,CBOE Daily Market Statistics 官方页面
2026-10-01,0.9,1.01,0.57,1.09,0.57,1.11,7261792,6561036,373235380,277114593,CBOE Daily Market Statistics 官方页面
2026-10-05,0.83,0.91,0.59,1.05,0.31,1.03,7720926,6429431,372122054,274695675,CBOE Daily Market Statistics 官方页面
2026-10-07,0.87,0.93,0.63,1.09,0.39,1.1,7309174,6323143,384717114,285208726,CBOE Daily Market Statistics 官方页面
