date,category,code,name,fg_index,price,scale
2026-09-23,A股ETF,SH.510050,上证50,-22.0,3.005,191.9
2026-09-23,A股ETF,SH.510210,上证指数,27.0,1.011,86.09
2026-09-23,A股ETF,SH.510300,沪深300,-39.0,4.599,871.6
2026-09-23,A股ETF,SH.510500,中证500,12.0,7.841,326.58
2026-09-23,A股ETF,SH.510880,A股红利,19.0,3.356,259.09
2026-09-23,A股ETF,SH.511380,可转债,-83.0,13.314,579.56
2026-09-23,A股ETF,SH.512010,医药,18.0,0.383,189.55
2026-09-23,A股ETF,SH.512100,中证1000,21.0,3.147,96.9
2026-09-23,A股ETF,SH.512170,医疗,27.0,0.348,291.21
2026-09-23,A股ETF,SH.512480,半导体,16.0,1.05,88.79
2026-09-23,A股ETF,SH.512660,军工,-10.0,1.154,61.98
2026-09-23,A股ETF,SH.512690,酒,-43.0,0.417,143.31
2026-09-23,A股ETF,SH.512800,银行,28.0,0.832,121.01
2026-09-23,A股ETF,SH.512880,证券,-41.0,1.066,563.77
2026-09-23,A股ETF,SH.513000,日本,59.0,2.31,22.31
2026-09-23,A股ETF,SH.513030,德国,-22.0,1.834,18.6
2026-09-23,A股ETF,SH.513050,中概互联网,-45.0,1.033,345.61
2026-09-23,A股ETF,SH.513060,恒生医疗,26.0,0.597,66.96
2026-09-23,A股ETF,SH.513080,法国,-80.0,1.739,11.08
2026-09-23,A股ETF,SH.513120,香港创新药,53.0,1.37,308.38
2026-09-23,A股ETF,SH.513130,恒生科技,-48.0,0.544,355.84
2026-09-23,A股ETF,SH.513290,纳指生物科技,29.0,1.801,16.79
2026-09-23,A股ETF,SH.513330,恒生互联网,-51.0,0.349,254.26
2026-09-23,A股ETF,SH.513400,道琼斯,-2.0,1.323,30.03
2026-09-23,A股ETF,SH.513500,标普500,29.0,2.717,266.96
2026-09-23,A股ETF,SH.513630,港股红利,-24.0,1.55,118.2
2026-09-23,A股ETF,SH.513730,东南亚科技,-81.0,1.103,10.99
2026-09-23,A股ETF,SH.513850,美国50,33.0,1.898,19.82
2026-09-23,A股ETF,SH.515030,新能源车,-49.0,1.504,24.96
2026-09-23,A股ETF,SH.515050,5G通信,36.0,1.076,193.66
2026-09-23,A股ETF,SH.515230,软件,-41.0,0.683,47.65
2026-09-23,A股ETF,SH.515790,光伏,-18.0,0.818,55.44
2026-09-23,A股ETF,SH.515800,中证800,-23.0,1.271,38.58
2026-09-23,A股ETF,SH.518880,黄金,-75.0,8.904,919.49
2026-09-23,A股ETF,SH.520830,沙特,-76.0,0.877,11.29
2026-09-23,A股ETF,SH.520870,巴西,53.0,1.167,6.28
2026-09-23,A股ETF,SH.562500,机器人,-46.0,0.926,142.38
2026-09-23,A股ETF,SH.563300,中证2000,44.0,1.483,31.45
2026-09-23,A股ETF,SH.588000,科创板,8.0,1.756,521.76
2026-09-23,A股ETF,SZ.159502,标普生物科技,30.0,1.642,18.36
2026-09-23,A股ETF,SZ.159509,纳指科技,49.0,3.057,197.13
2026-09-23,A股ETF,SZ.159518,标普油气,-14.0,1.23,21.2
2026-09-23,A股ETF,SZ.159529,标普消费,-38.0,1.276,10.27
2026-09-23,A股ETF,SZ.159687,亚太精选,50.0,1.895,31.24
2026-09-23,A股ETF,SZ.159819,人工智能,20.0,1.799,214.51
2026-09-23,A股ETF,SZ.159865,养殖,-35.0,0.533,66.27
2026-09-23,A股ETF,SZ.159869,游戏,-45.0,1.073,84.6
2026-09-23,A股ETF,SZ.159915,创业板,-4.0,3.408,226.59
2026-09-23,A股ETF,SZ.159920,恒生,-32.0,1.461,83.36
2026-09-23,A股ETF,SZ.159928,消费,-44.0,0.658,151.03
2026-09-23,A股ETF,SZ.159941,纳指100,36.0,1.72,385.68
2026-09-23,A股ETF,SZ.159992,创新药,33.0,0.868,170.58
2026-09-23,A股ETF,SZ.159995,芯片,9.0,1.164,278.85
2026-09-23,A股ETF,SZ.164824,印度,-81.0,1.262,21.85
2026-09-23,A股个股,SH.600000,浦发银行,-44.0,8.99,3010.85
2026-09-23,A股个股,SH.600028,中国石化,-38.0,5.32,6409.94
2026-09-23,A股个股,SH.600030,中信证券,-19.0,26.76,4201.37
2026-09-23,A股个股,SH.600036,招商银行,29.0,40.77,10294.7
2026-09-23,A股个股,SH.600276,恒瑞医药,-20.0,45.55,3034.53
2026-09-23,A股个股,SH.600519,贵州茅台,-48.0,1253.23,15673.5
2026-09-23,A股个股,SH.600690,海尔智家,-51.0,20.22,1879.22
2026-09-23,A股个股,SH.600900,长江电力,14.0,28.03,6855.99
2026-09-23,A股个股,SH.600938,中国海油,-23.0,32.49,15727.7
2026-09-23,A股个股,SH.600941,中国移动,-8.0,96.56,20920.9
2026-09-23,A股个股,SH.601088,中国神华,27.0,47.2,10304.7
2026-09-23,A股个股,SH.601138,工业富联,-15.0,63.0,12561.3
2026-09-23,A股个股,SH.601166,兴业银行,-30.0,17.91,3786.04
2026-09-23,A股个股,SH.601211,国泰海通,2.0,17.69,3113.61
2026-09-23,A股个股,SH.601288,农业银行,-22.0,6.78,24078.8
2026-09-23,A股个股,SH.601318,中国平安,-31.0,54.18,9861.42
2026-09-23,A股个股,SH.601319,中国人保,26.0,8.07,3613.1
2026-09-23,A股个股,SH.601328,交通银行,57.0,7.5,6671.47
2026-09-23,A股个股,SH.601398,工商银行,32.0,8.06,28940.2
2026-09-23,A股个股,SH.601601,中国太保,-42.0,31.84,3092.94
2026-09-23,A股个股,SH.601628,中国人寿,1.0,38.67,10935.6
2026-09-23,A股个股,SH.601658,邮储银行,1.0,5.32,6401.07
2026-09-23,A股个股,SH.601668,中国建筑,-47.0,4.32,1776.78
2026-09-23,A股个股,SH.601728,中国电信,-4.0,6.12,5600.24
2026-09-23,A股个股,SH.601816,京沪高铁,-31.0,4.72,2319.08
2026-09-23,A股个股,SH.601818,光大银行,-35.0,3.01,1778.48
2026-09-23,A股个股,SH.601857,中国石油,0.0,10.72,19748.0
2026-09-23,A股个股,SH.601899,紫金矿业,-34.0,31.43,8352.14
2026-09-23,A股个股,SH.601919,中远海控,27.0,16.43,2528.4
2026-09-23,A股个股,SH.601939,建设银行,29.0,10.79,28566.8
2026-09-23,A股个股,SH.601988,中国银行,55.0,6.54,21427.1
2026-09-23,A股个股,SH.601998,中信银行,57.0,8.95,5030.32
2026-09-23,A股个股,SH.603288,海天味业,-20.0,34.3,2006.32
2026-09-23,A股个股,SH.688041,海光信息,-3.0,253.03,5950.31
2026-09-23,A股个股,SH.688235,百济神州-U,20.0,266.12,4143.5
2026-09-23,A股个股,SH.688256,寒武纪-U,15.0,1104.16,7049.45
2026-09-23,A股个股,SH.688981,中芯国际,-28.0,121.47,10481.1
2026-09-23,A股个股,SZ.000001,平安银行,25.0,11.59,2272.43
2026-09-23,A股个股,SZ.000333,美的集团,7.0,82.25,6297.38
2026-09-23,A股个股,SZ.000651,格力电器,9.0,38.26,2138.62
2026-09-23,A股个股,SZ.000858,五粮液,-46.0,70.39,2738.09
2026-09-23,A股个股,SZ.002352,顺丰控股,-45.0,31.0,1579.53
2026-09-23,A股个股,SZ.002371,北方华创,11.0,669.01,4883.31
2026-09-23,A股个股,SZ.002415,海康威视,-22.0,32.95,3040.9
2026-09-23,A股个股,SZ.002475,立讯精密,-41.0,54.4,4244.77
2026-09-23,A股个股,SZ.002594,比亚迪,-44.0,85.99,7893.67
2026-09-23,A股个股,SZ.002714,牧原股份,-11.0,41.5,2416.58
2026-09-23,A股个股,SZ.300059,东方财富,-46.0,18.68,2969.83
2026-09-23,A股个股,SZ.300750,宁德时代,-62.0,299.87,14096.0
2026-09-23,A股个股,SZ.300760,迈瑞医疗,-44.0,156.26,1898.65
2026-09-23,全球ETF,HK.02830,沙特,-24.0,78.74,90.05
2026-09-23,全球ETF,HK.03004,越南,28.0,9.725,0.28
2026-09-23,全球ETF,HK.03121,韩国,88.0,6.88,7.04
2026-09-23,全球ETF,SH.520830,沙特,-76.0,0.877,11.29
2026-09-23,全球ETF,SH.520870,巴西,53.0,1.167,6.28
2026-09-23,全球ETF,US.ARGT,阿根廷,37.0,92.94,7.74
2026-09-23,全球ETF,US.ECH,智利,11.0,40.25,9.84
2026-09-23,全球ETF,US.EEM,新兴市场,82.0,68.87,312.75
2026-09-23,全球ETF,US.EFA,欧澳远东,49.0,106.5,776.51
2026-09-23,全球ETF,US.EPI,印度,-58.0,41.97,19.47
2026-09-23,全球ETF,US.EWA,澳大利亚,48.0,29.0,12.53
2026-09-23,全球ETF,US.EWC,加拿大,49.0,60.76,69.26
2026-09-23,全球ETF,US.EWG,德国,35.0,42.65,15.69
2026-09-23,全球ETF,US.EWH,香港,38.0,22.84,11.44
2026-09-23,全球ETF,US.EWI,意大利,44.0,60.75,10.91
2026-09-23,全球ETF,US.EWJ,日本,80.0,98.14,231.53
2026-09-23,全球ETF,US.EWL,瑞士,30.0,61.18,23.35
2026-09-23,全球ETF,US.EWM,马来西亚,23.0,28.0,3.03
2026-09-23,全球ETF,US.EWP,西班牙,47.0,61.55,22.06
2026-09-23,全球ETF,US.EWQ,法国,-22.0,44.25,3.51
2026-09-23,全球ETF,US.EWS,新加坡,52.0,33.59,13.39
2026-09-23,全球ETF,US.EWT,台湾,93.0,115.1,121.44
2026-09-23,全球ETF,US.EWU,英国,48.0,47.67,36.78
2026-09-23,全球ETF,US.EWW,墨西哥,25.0,74.46,16.57
2026-09-23,全球ETF,US.EWY,韩国,88.0,189.0,262.87
2026-09-23,全球ETF,US.EWZ,巴西,81.0,38.33,85.82
2026-09-23,全球ETF,US.EZA,南非,-3.0,69.21,5.6
2026-09-23,全球ETF,US.FXI,中国,-32.0,34.66,40.97
2026-09-23,全球ETF,US.IEV,欧洲,46.0,73.19,16.21
2026-09-23,我的自选,US.CONL,两倍Coin,27.0,6.73,6.14
2026-09-23,我的自选,US.GDXU,三倍金矿,-73.0,146.5,12.72
2026-09-23,我的自选,US.YINN,三倍中国,-46.0,26.5,5.88
2026-09-23,港股个股,HK.00005,汇丰,17.0,158.0,27319.5
2026-09-23,港股个股,HK.00016,新鸿基,-40.0,108.8,3178.86
2026-09-23,港股个股,HK.00267,中信股份,28.0,13.03,3842.82
2026-09-23,港股个股,HK.00300,美的,20.0,95.85,7343.0
2026-09-23,港股个股,HK.00386,中石化,-19.0,4.46,5389.9
2026-09-23,港股个股,HK.00388,港交所,-15.0,395.4,5038.38
2026-09-23,港股个股,HK.00700,腾讯,-20.0,441.6,41073.4
2026-09-23,港股个股,HK.00728,中国电信,-42.0,4.425,4058.34
2026-09-23,港股个股,HK.00762,中国联通,-44.0,5.63,1750.21
2026-09-23,港股个股,HK.00788,中国铁塔,-39.0,8.985,1584.08
2026-09-23,港股个股,HK.00857,中国石油,0.0,9.43,17258.9
2026-09-23,港股个股,HK.00883,中国海油,-1.0,23.54,11255.1
2026-09-23,港股个股,HK.00939,建设银行,55.0,9.61,25493.0
2026-09-23,港股个股,HK.00941,中国移动,8.0,78.95,17125.0
2026-09-23,港股个股,HK.00981,中芯国际,-32.0,64.55,5505.54
2026-09-23,港股个股,HK.00998,中信银行,54.0,8.44,4740.97
2026-09-23,港股个股,HK.01024,快手,-56.0,30.72,1350.9
2026-09-23,港股个股,HK.01088,中国神华,26.0,45.04,9838.33
2026-09-23,港股个股,HK.01109,华润置地,-5.0,29.88,2076.53
2026-09-23,港股个股,HK.01211,比亚迪,-50.0,80.65,7416.84
2026-09-23,港股个股,HK.01288,农业银行,54.0,6.44,22748.9
2026-09-23,港股个股,HK.01299,友邦,-17.0,75.75,7889.32
2026-09-23,港股个股,HK.01398,工商银行,28.0,7.505,26873.0
2026-09-23,港股个股,HK.01658,邮储银行,52.0,5.36,6491.14
2026-09-23,港股个股,HK.01810,小米,-37.0,26.74,7006.59
2026-09-23,港股个股,HK.02015,理想,-49.0,45.76,889.86
2026-09-23,港股个股,HK.02020,安踏体育,-43.0,72.0,2010.79
2026-09-23,港股个股,HK.02318,中国平安,-43.0,53.45,9760.02
2026-09-23,港股个股,HK.02328,中国财险,14.0,16.79,3754.58
2026-09-23,港股个股,HK.02378,保诚,-56.0,99.95,2522.08
2026-09-23,港股个股,HK.02388,中银香港,28.0,51.5,5529.56
2026-09-23,港股个股,HK.02423,贝壳,-14.0,43.4,1419.84
2026-09-23,港股个股,HK.02601,中国太保,-41.0,28.82,2778.35
2026-09-23,港股个股,HK.02628,中国人寿,36.0,29.76,8394.62
2026-09-23,港股个股,HK.02888,渣打集团,27.0,236.0,5215.5
2026-09-23,港股个股,HK.02899,紫金矿业,-32.0,33.7,9046.16
2026-09-23,港股个股,HK.03328,交通银行,61.0,8.2,7281.18
2026-09-23,港股个股,HK.03690,美团,-55.0,73.2,4520.45
2026-09-23,港股个股,HK.03968,招商银行,31.0,51.45,13026.0
2026-09-23,港股个股,HK.03988,中国银行,56.0,5.995,19397.2
2026-09-23,港股个股,HK.06030,中信证券,-42.0,25.26,3990.44
2026-09-23,港股个股,HK.06160,百济神州,54.0,220.0,3356.01
2026-09-23,港股个股,HK.06690,海尔,-50.0,19.8,1851.31
2026-09-23,港股个股,HK.09618,京东,-44.0,105.7,2862.72
2026-09-23,港股个股,HK.09633,农夫山泉,-51.0,39.0,4395.12
2026-09-23,港股个股,HK.09888,百度,-50.0,89.05,2434.35
2026-09-23,港股个股,HK.09961,携程,-44.0,323.8,2033.95
2026-09-23,港股个股,HK.09988,阿里巴巴,-13.0,111.5,22828.0
2026-09-23,港股个股,HK.09999,网易,-48.0,183.0,5909.07
2026-09-23,港股常规,HK.02802,国指备兑,-36.0,7.0,96.97
2026-09-23,港股常规,HK.02822,A50,-18.0,15.33,70.8
2026-09-23,港股常规,HK.02830,沙特,-24.0,78.74,90.05
2026-09-23,港股常规,HK.03003,A50,6.0,7.385,0.7
2026-09-23,港股常规,HK.03004,越南,28.0,9.725,0.28
2026-09-23,港股常规,HK.03005,中证500,34.0,26.36,0.42
2026-09-23,港股常规,HK.03030,黄金,-35.0,6.545,51.25
2026-09-23,港股常规,HK.03033,恒科,-47.0,4.312,619.41
2026-09-23,港股常规,HK.03034,纳指100,34.0,13.07,0.32
2026-09-23,港股常规,HK.03037,恒生,-13.0,25.54,6.35
2026-09-23,港股常规,HK.03066,比特币,45.0,27.16,3.1
2026-09-23,港股常规,HK.03068,以太币,44.0,11.94,1.29
2026-09-23,港股常规,HK.03109,科创板,14.0,16.32,6.41
2026-09-23,港股常规,HK.03121,韩国,88.0,6.88,7.04
2026-09-23,港股常规,HK.03133,沪深300,14.0,11.64,5.93
2026-09-23,港股常规,HK.03134,太阳能,-17.0,4.8,0.38
2026-09-23,港股常规,HK.03147,创业板,4.0,13.88,5.98
2026-09-23,港股常规,HK.03153,日经,75.0,135.65,11.8
2026-09-23,港股常规,HK.03167,新经济,-45.0,57.94,3.89
2026-09-23,港股常规,HK.03174,生物科技,61.0,3.96,10.11
2026-09-23,港股常规,HK.03193,5G,44.0,18.68,0.11
2026-09-23,港股常规,HK.03199,中债,77.0,121.8,54.73
2026-09-23,港股常规,HK.03431,港韩科技,21.0,10.55,12.62
2026-09-23,港股常规,HK.03432,港股精选,23.0,106.7,109.46
2026-09-23,港股常规,HK.03433,美债,-75.0,64.14,14.57
2026-09-23,港股常规,HK.03441,东西精选,78.0,13.59,18.64
2026-09-23,港股常规,HK.03442,港美科技,-12.0,7.99,6.96
2026-09-23,港股常规,HK.03443,港股,-21.0,9.065,186.0
2026-09-23,港股常规,HK.03454,美股七巨头,44.0,12.04,1.22
2026-09-23,港股常规,HK.03469,红利,-6.0,8.08,5.42
2026-09-23,港股常规,HK.03537,韩国备兑,89.0,10.02,1.98
2026-09-23,港股杠杆,HK.07200,两倍恒生,-27.0,5.48,25.49
2026-09-23,港股杠杆,HK.07226,两倍恒科,-49.0,2.94,118.38
2026-09-23,港股杠杆,HK.07233,两倍沪深,-43.0,4.574,3.07
2026-09-23,港股杠杆,HK.07234,两倍创业,-14.0,8.72,1.65
2026-09-23,港股杠杆,HK.07262,两倍日经,62.0,186.4,0.63
2026-09-23,港股杠杆,HK.07266,两倍纳指,33.0,43.3,2.06
2026-09-23,港股杠杆,HK.07288,两倍国企,-37.0,2.832,2.22
2026-09-23,港股杠杆,HK.07299,两倍黄金,-75.0,23.36,16.01
2026-09-23,港股杠杆,HK.07709,两倍海力士,27.0,43.24,369.75
2026-09-23,港股杠杆,HK.07711,两倍COIN,27.0,29.54,0.45
2026-09-23,港股杠杆,HK.07747,两倍三星,37.0,84.88,81.6
2026-09-23,港股杠杆,HK.07766,两倍特斯拉,-19.0,89.68,0.79
2026-09-23,港股杠杆,HK.07777,两倍伯克希尔,-43.0,55.9,0.22
2026-09-23,港股杠杆,HK.07788,两倍英伟达,28.0,181.85,0.63
2026-09-23,港股杠杆,HK.07799,两倍MSTR,30.0,5.695,0.88
2026-09-23,港股通,HK.03033,恒科,-47.0,4.312,619.41
2026-09-23,港股通,HK.03037,恒生,-13.0,25.54,6.35
2026-09-23,港股通,HK.03167,新经济,-45.0,57.94,3.89
2026-09-23,港股通,HK.03174,生物科技,61.0,3.96,10.11
2026-09-23,港股通,HK.03431,港韩科技,21.0,10.55,12.62
2026-09-23,港股通,HK.03432,港股精选,23.0,106.7,109.46
2026-09-23,港股通,HK.03441,东西精选,78.0,13.59,18.64
2026-09-23,港股通,HK.03442,港美科技,-12.0,7.99,6.96
2026-09-23,港股通,HK.03443,港股,-21.0,9.065,186.0
2026-09-23,港股通,HK.03469,红利,-6.0,8.08,5.42
2026-09-23,美股个股,US.AAPL,苹果,38.0,340.31,49471.4
2026-09-23,美股个股,US.ABBV,艾伯维,31.0,265.23,4673.67
2026-09-23,美股个股,US.ABT,雅培,-44.0,103.97,1781.95
2026-09-23,美股个股,US.ACN,埃森哲,-38.0,184.02,1138.89
2026-09-23,美股个股,US.AMZN,亚马逊,-13.0,255.8,27877.2
2026-09-23,美股个股,US.ASML,阿斯麦,80.0,1751.0,6573.18
2026-09-23,美股个股,US.AVGO,博通,-26.0,364.83,17312.1
2026-09-23,美股个股,US.AZN,阿斯利康,-15.0,168.38,2607.06
2026-09-23,美股个股,US.BABA,阿里,-16.0,113.49,2877.11
2026-09-23,美股个股,US.BAC,美国银行,-43.0,56.45,4053.0
2026-09-23,美股个股,US.BRK.B,伯克希尔,-25.0,504.49,10746.6
2026-09-23,美股个股,US.COST,好市多,-66.0,901.46,3984.57
2026-09-23,美股个股,US.CRM,赛富时,-8.0,233.84,1945.74
2026-09-23,美股个股,US.CSCO,思科,-28.0,106.29,4394.41
2026-09-23,美股个股,US.CVX,雪佛龙,3.0,202.51,4024.05
2026-09-23,美股个股,US.GE,GE,-52.0,319.36,3309.93
2026-09-23,美股个股,US.GOOG,谷歌,15.0,348.61,42911.4
2026-09-23,美股个股,US.HD,家得宝,-72.0,306.2,2965.13
2026-09-23,美股个股,US.HSBC,汇丰,-5.0,101.15,3543.61
2026-09-23,美股个股,US.IBM,IBM,-59.0,232.15,2185.09
2026-09-23,美股个股,US.JNJ,强生,6.0,269.0,6493.95
2026-09-23,美股个股,US.JPM,摩根大通,-16.0,341.21,9357.88
2026-09-23,美股个股,US.KO,可口可乐,26.0,88.83,3748.38
2026-09-23,美股个股,US.LIN,林德气体,-38.0,465.1,2108.98
2026-09-23,美股个股,US.LLY,礼来,24.0,1172.85,10965.8
2026-09-23,美股个股,US.MA,万事达,-14.0,557.65,4972.67
2026-09-23,美股个股,US.MCD,麦当劳,-70.0,251.69,1754.1
2026-09-23,美股个股,US.META,META,43.0,741.63,18883.3
2026-09-23,美股个股,US.MRK,默沙东,33.0,151.22,3688.42
2026-09-23,美股个股,US.MSFT,微软,29.0,499.84,37247.3
2026-09-23,美股个股,US.MSTR,MSTR,39.0,169.29,647.42
2026-09-23,美股个股,US.NFLX,奈飞,-75.0,72.38,3054.67
2026-09-23,美股个股,US.NVDA,英伟达,35.0,228.33,54798.6
2026-09-23,美股个股,US.NVO,诺和诺德,-83.0,39.41,1777.07
2026-09-23,美股个股,US.NVS,诺华制药,-44.0,141.28,2679.63
2026-09-23,美股个股,US.ORCL,甲骨文,-54.0,149.55,4492.06
2026-09-23,美股个股,US.PDD,拼多多,-46.0,79.73,1128.68
2026-09-23,美股个股,US.PEP,百事可乐,-71.0,131.43,1768.76
2026-09-23,美股个股,US.PG,宝洁,-6.0,148.6,3392.96
2026-09-23,美股个股,US.PM,菲利普莫里斯,22.0,190.28,2922.09
2026-09-23,美股个股,US.SAP,SAP,-29.0,210.4,2414.82
2026-09-23,美股个股,US.SHEL,壳牌,11.0,93.93,2663.59
2026-09-23,美股个股,US.TM,丰田,-49.0,192.06,2279.55
2026-09-23,美股个股,US.TMO,赛默飞世尔,43.0,660.26,2435.75
2026-09-23,美股个股,US.TSLA,特斯拉,2.0,378.87,14822.7
2026-09-23,美股个股,US.TSM,台积电,41.0,448.25,23087.2
2026-09-23,美股个股,US.UNH,联合健康,-34.0,373.57,3388.96
2026-09-23,美股个股,US.V,VISA,-4.0,362.81,6919.38
2026-09-23,美股个股,US.WFC,富国银行,-46.0,83.31,2616.97
2026-09-23,美股个股,US.WMT,沃尔玛,-17.0,110.39,8524.02
2026-09-23,美股个股,US.XOM,美孚,1.0,158.81,6509.16
2026-09-23,美股常规,US.AGG,债券,-75.0,96.25,1372.67
2026-09-23,美股常规,US.ARKK,ARKK,48.0,91.49,79.82
2026-09-23,美股常规,US.DIA,道指,-5.0,518.32,454.6
2026-09-23,美股常规,US.ESPO,电竞,-13.0,99.04,2.52
2026-09-23,美股常规,US.GLD,黄金,-64.0,397.43,1477.54
2026-09-23,美股常规,US.IAI,铲子,-19.0,183.44,13.86
2026-09-23,美股常规,US.IAK,保险,-42.0,137.76,4.57
2026-09-23,美股常规,US.IBIT,比特币,49.0,49.01,637.09
2026-09-23,美股常规,US.ITB,地产,-65.0,90.9,23.48
2026-09-23,美股常规,US.IWM,罗素,-6.0,287.06,771.9
2026-09-23,美股常规,US.KRE,小银行,-19.0,71.19,37.76
2026-09-23,美股常规,US.KWEB,中概,-46.0,25.03,47.45
2026-09-23,美股常规,US.NLR,核能,-66.0,111.95,37.42
2026-09-23,美股常规,US.QQQ,纳指100,35.0,747.0,4842.76
2026-09-23,美股常规,US.SMH,半导体,42.0,604.21,740.64
2026-09-23,美股常规,US.SOXX,半导体,41.0,569.6,453.74
2026-09-23,美股常规,US.SPMO,标普Plus,33.0,153.27,294.32
2026-09-23,美股常规,US.SPY,标普,27.0,773.69,7850.48
2026-09-23,美股常规,US.VDC,可选消费,-25.0,225.15,92.53
2026-09-23,美股常规,US.VIG,红利,-3.0,238.25,1324.08
2026-09-23,美股常规,US.VOX,通讯,37.0,195.59,59.34
2026-09-23,美股常规,US.VTI,全股,26.0,381.38,23437.4
2026-09-23,美股常规,US.VTV,价值,-1.0,221.83,2622.99
2026-09-23,美股常规,US.VUG,成长,33.0,91.14,3845.35
2026-09-23,美股常规,US.XBI,生物科技,26.0,161.87,103.4
2026-09-23,美股常规,US.XLC,通讯,26.0,114.67,224.19
2026-09-23,美股常规,US.XLE,能源,50.0,61.83,413.12
2026-09-23,美股常规,US.XLF,金融,-16.0,54.92,528.57
2026-09-23,美股常规,US.XLI,工业,-25.0,170.9,305.93
2026-09-23,美股常规,US.XLP,必需消费,-20.0,82.76,139.29
2026-09-23,美股常规,US.XLU,公用事业,-77.0,40.55,211.51
2026-09-23,美股常规,US.XLV,医疗,26.0,169.77,435.03
2026-09-23,美股常规,US.YMAX,期权,93.0,7.91,3.79
2026-09-23,美股杠杆,US.AAPU,两倍苹果,37.0,46.3,1.83
2026-09-23,美股杠杆,US.AGQ,两倍白银,-46.0,81.95,14.87
2026-09-23,美股杠杆,US.AMDL,两倍AMD,41.0,81.8,10.66
2026-09-23,美股杠杆,US.AMZU,两倍亚马逊,-32.0,35.93,2.78
2026-09-23,美股杠杆,US.AVGX,两倍博通,-42.0,40.86,2.15
2026-09-23,美股杠杆,US.BABX,两倍阿里,-17.0,18.15,1.23
2026-09-23,美股杠杆,US.BITX,两倍比特币,30.0,21.07,12.41
2026-09-23,美股杠杆,US.BOIL,两倍天然气,-39.0,21.79,3.93
2026-09-23,美股杠杆,US.BRKU,两倍伯克希尔,-43.0,22.598,0.4
2026-09-23,美股杠杆,US.BRZU,两倍巴西,55.0,106.95,1.14
2026-09-23,美股杠杆,US.BULZ,三倍科技,48.0,47.05,35.46
2026-09-23,美股杠杆,US.CHAU,两倍沪深,-5.0,21.08,0.97
2026-09-23,美股杠杆,US.CONL,两倍Coin,27.0,6.73,6.14
2026-09-23,美股杠杆,US.CURE,三倍医疗,25.0,132.9,1.67
2026-09-23,美股杠杆,US.CWEB,两倍中概,-48.0,19.12,1.84
2026-09-23,美股杠杆,US.DFEN,三倍军工,-75.0,52.25,3.03
2026-09-23,美股杠杆,US.DPST,三倍小银行,-35.0,119.97,3.21
2026-09-23,美股杠杆,US.ETHU,两倍以太币,30.0,32.29,13.42
2026-09-23,美股杠杆,US.EURL,三倍欧洲,31.0,46.2,0.42
2026-09-23,美股杠杆,US.FAS,三倍金融,-26.0,154.54,20.59
2026-09-23,美股杠杆,US.FBL,两倍Meta,23.0,33.46,1.88
2026-09-23,美股杠杆,US.FNGU,三倍巨无霸,38.0,36.23,26.45
2026-09-23,美股杠杆,US.GDXU,三倍金矿,-73.0,146.3,12.72
2026-09-23,美股杠杆,US.GGLL,两倍谷歌,-5.0,104.7,10.33
2026-09-23,美股杠杆,US.INDL,两倍印度,-82.0,41.09,0.53
2026-09-23,美股杠杆,US.KORU,三倍韩国,26.0,22.48,12.28
2026-09-23,美股杠杆,US.LABU,三倍生科,25.0,289.5,5.58
2026-09-23,美股杠杆,US.MSFU,两倍微软,-22.0,37.47,5.08
2026-09-23,美股杠杆,US.MSTU,两倍MSTR,30.0,48.87,5.48
2026-09-23,美股杠杆,US.NAIL,三倍地产,-68.0,32.23,5.14
2026-09-23,美股杠杆,US.NVDL,两倍英伟达,28.0,36.79,37.23
2026-09-23,美股杠杆,US.OILU,三倍油气,21.0,46.8,0.78
2026-09-23,美股杠杆,US.PTIR,两倍PLTR,-4.0,20.58,3.32
2026-09-23,美股杠杆,US.QLD,两倍纳指,35.0,97.68,142.86
2026-09-23,美股杠杆,US.RETL,三倍零售,-71.0,7.67,0.25
2026-09-23,美股杠杆,US.SMCX,两倍SMCI,-14.0,14.03,1.46
2026-09-23,美股杠杆,US.SOXL,三倍半导体,2.0,149.49,216.17
2026-09-23,美股杠杆,US.SPXL,三倍标普,24.0,294.39,71.2
2026-09-23,美股杠杆,US.SPYU,四倍标普,23.0,35.96,5.41
2026-09-23,美股杠杆,US.SSO,两倍标普,25.0,71.48,88.4
2026-09-23,美股杠杆,US.TECL,三倍科技,37.0,233.7,60.38
2026-09-23,美股杠杆,US.TMF,三倍美债,-76.0,29.98,21.57
2026-09-23,美股杠杆,US.TNA,三倍小盘,-17.0,63.8,12.17
2026-09-23,美股杠杆,US.TQQQ,三倍纳指,33.0,80.51,368.85
2026-09-23,美股杠杆,US.TSLL,两倍特斯拉,-19.0,10.31,37.76
2026-09-23,美股杠杆,US.TSMX,两倍台积电,37.0,87.3,5.76
2026-09-23,美股杠杆,US.UCO,两倍原油,86.0,50.69,4.38
2026-09-23,美股杠杆,US.UDOW,三倍道指,-23.0,66.8,8.47
2026-09-23,美股杠杆,US.UGL,两倍黄金,-75.0,49.86,8.86
2026-09-23,美股杠杆,US.UPRO,三倍标普,24.0,153.88,54.93
2026-09-23,美股杠杆,US.USD,两倍半导体,39.0,96.8,27.28
2026-09-23,美股杠杆,US.UTSL,三倍公用,-76.0,32.59,0.46
2026-09-23,美股杠杆,US.WEBL,三倍互联,31.0,30.43,0.89
2026-09-23,美股杠杆,US.YINN,三倍中国,-45.0,26.52,5.88
2026-09-24,A股ETF,SH.510050,上证50,-39.0,2.973,192.73
2026-09-24,A股ETF,SH.510210,上证指数,19.0,1.007,86.09
2026-09-24,A股ETF,SH.510300,沪深300,-49.0,4.555,872.54
2026-09-24,A股ETF,SH.510500,中证500,4.0,7.772,325.66
2026-09-24,A股ETF,SH.510880,A股红利,19.0,3.361,258.71
2026-09-24,A股ETF,SH.511380,可转债,-85.0,13.21,576.06
2026-09-24,A股ETF,SH.512010,医药,9.0,0.379,188.57
2026-09-24,A股ETF,SH.512100,中证1000,13.0,3.128,96.87
2026-09-24,A股ETF,SH.512170,医疗,21.0,0.346,291.21
2026-09-24,A股ETF,SH.512480,半导体,7.0,1.036,89.39
2026-09-24,A股ETF,SH.512660,军工,-36.0,1.148,61.55
2026-09-24,A股ETF,SH.512690,酒,-51.0,0.41,142.97
2026-09-24,A股ETF,SH.512800,银行,27.0,0.839,121.01
2026-09-24,A股ETF,SH.512880,证券,-47.0,1.053,564.3
2026-09-24,A股ETF,SH.513000,日本,51.0,2.292,22.62
2026-09-24,A股ETF,SH.513030,德国,-38.0,1.813,18.61
2026-09-24,A股ETF,SH.513050,中概互联网,-50.0,1.023,352.32
2026-09-24,A股ETF,SH.513060,恒生医疗,11.0,0.583,66.51
2026-09-24,A股ETF,SH.513080,法国,-82.0,1.737,11.05
2026-09-24,A股ETF,SH.513120,香港创新药,35.0,1.331,306.8
2026-09-24,A股ETF,SH.513130,恒生科技,-54.0,0.539,358.45
2026-09-24,A股ETF,SH.513290,纳指生物科技,3.0,1.765,16.65
2026-09-24,A股ETF,SH.513330,恒生互联网,-55.0,0.347,257.15
2026-09-24,A股ETF,SH.513400,道琼斯,-8.0,1.306,30.28
2026-09-24,A股ETF,SH.513500,标普500,27.0,2.706,270.84
2026-09-24,A股ETF,SH.513630,港股红利,-27.0,1.549,117.67
2026-09-24,A股ETF,SH.513730,东南亚科技,-82.0,1.096,10.99
2026-09-24,A股ETF,SH.513850,美国50,29.0,1.875,19.82
2026-09-24,A股ETF,SH.515030,新能源车,-53.0,1.492,25.12
2026-09-24,A股ETF,SH.515050,5G通信,26.0,1.059,193.31
2026-09-24,A股ETF,SH.515230,软件,-48.0,0.676,48.49
2026-09-24,A股ETF,SH.515790,光伏,-45.0,0.806,55.24
2026-09-24,A股ETF,SH.515800,中证800,-34.0,1.259,38.55
2026-09-24,A股ETF,SH.518880,黄金,-78.0,8.804,912.18
2026-09-24,A股ETF,SH.520830,沙特,-76.0,0.878,11.29
2026-09-24,A股ETF,SH.520870,巴西,22.0,1.149,6.38
2026-09-24,A股ETF,SH.562500,机器人,-48.0,0.93,142.07
2026-09-24,A股ETF,SH.563300,中证2000,40.0,1.484,31.43
2026-09-24,A股ETF,SH.588000,科创板,1.0,1.735,524.44
2026-09-24,A股ETF,SZ.159502,标普生物科技,1.0,1.598,18.24
2026-09-24,A股ETF,SZ.159509,纳指科技,49.0,3.105,202.99
2026-09-24,A股ETF,SZ.159518,标普油气,-2.0,1.249,20.99
2026-09-24,A股ETF,SZ.159529,标普消费,-61.0,1.264,10.4
2026-09-24,A股ETF,SZ.159687,亚太精选,40.0,1.875,31.63
2026-09-24,A股ETF,SZ.159819,人工智能,15.0,1.786,217.03
2026-09-24,A股ETF,SZ.159865,养殖,-46.0,0.527,65.93
2026-09-24,A股ETF,SZ.159869,游戏,-51.0,1.067,85.82
2026-09-24,A股ETF,SZ.159915,创业板,-11.0,3.377,226.72
2026-09-24,A股ETF,SZ.159920,恒生,-39.0,1.452,83.98
2026-09-24,A股ETF,SZ.159928,消费,-51.0,0.651,150.92
2026-09-24,A股ETF,SZ.159941,纳指100,37.0,1.728,392.46
2026-09-24,A股ETF,SZ.159992,创新药,19.0,0.853,166.29
2026-09-24,A股ETF,SZ.159995,芯片,1.0,1.145,281.44
2026-09-24,A股ETF,SZ.164824,印度,-81.0,1.256,21.85
2026-09-24,A股个股,SH.600000,浦发银行,-47.0,8.99,2990.86
2026-09-24,A股个股,SH.600028,中国石化,-41.0,5.32,6385.8
2026-09-24,A股个股,SH.600030,中信证券,-31.0,26.42,4185.74
2026-09-24,A股个股,SH.600036,招商银行,47.0,40.94,10239.3
2026-09-24,A股个股,SH.600276,恒瑞医药,-47.0,44.77,3025.24
2026-09-24,A股个股,SH.600519,贵州茅台,-54.0,1239.0,15641.5
2026-09-24,A股个股,SH.600690,海尔智家,-52.0,20.35,1879.22
2026-09-24,A股个股,SH.600900,长江电力,14.0,28.11,6870.68
2026-09-24,A股个股,SH.600938,中国海油,-26.0,32.49,15347.4
2026-09-24,A股个股,SH.600941,中国移动,-13.0,96.42,20910.1
2026-09-24,A股个股,SH.601088,中国神华,47.0,47.68,10239.6
2026-09-24,A股个股,SH.601138,工业富联,-28.0,61.69,12497.8
2026-09-24,A股个股,SH.601166,兴业银行,-12.0,17.93,3781.8
2026-09-24,A股个股,SH.601211,国泰海通,-30.0,17.36,3106.57
2026-09-24,A股个股,SH.601288,农业银行,-16.0,6.88,23903.8
2026-09-24,A股个股,SH.601318,中国平安,-39.0,53.47,9754.59
2026-09-24,A股个股,SH.601319,中国人保,21.0,8.06,3568.88
2026-09-24,A股个股,SH.601328,交通银行,57.0,7.58,6644.96
2026-09-24,A股个股,SH.601398,工商银行,52.0,8.15,28833.3
2026-09-24,A股个股,SH.601601,中国太保,-50.0,31.22,3040.99
2026-09-24,A股个股,SH.601628,中国人寿,-31.0,38.07,10910.2
2026-09-24,A股个股,SH.601658,邮储银行,-3.0,5.33,6389.06
2026-09-24,A股个股,SH.601668,中国建筑,-53.0,4.25,1768.51
2026-09-24,A股个股,SH.601728,中国电信,-15.0,6.06,5581.94
2026-09-24,A股个股,SH.601816,京沪高铁,-38.0,4.7,2304.4
2026-09-24,A股个股,SH.601818,光大银行,-38.0,3.01,1772.57
2026-09-24,A股个股,SH.601857,中国石油,-2.0,10.73,19601.6
2026-09-24,A股个股,SH.601899,紫金矿业,-50.0,30.4,8352.14
2026-09-24,A股个股,SH.601919,中远海控,18.0,16.27,2497.86
2026-09-24,A股个股,SH.601939,建设银行,49.0,10.93,28331.3
2026-09-24,A股个股,SH.601988,中国银行,55.0,6.63,21201.6
2026-09-24,A股个股,SH.601998,中信银行,58.0,9.08,5035.89
2026-09-24,A股个股,SH.603288,海天味业,-48.0,33.93,2005.15
2026-09-24,A股个股,SH.688041,海光信息,-13.0,249.71,5849.43
2026-09-24,A股个股,SH.688235,百济神州-U,-12.0,261.89,4110.04
2026-09-24,A股个股,SH.688256,寒武纪-U,12.0,1102.89,6936.76
2026-09-24,A股个股,SH.688981,中芯国际,-35.0,120.08,10393.7
2026-09-24,A股个股,SZ.000001,平安银行,22.0,11.4,2251.09
2026-09-24,A股个股,SZ.000333,美的集团,8.0,82.77,6292.23
2026-09-24,A股个股,SZ.000651,格力电器,12.0,38.48,2148.7
2026-09-24,A股个股,SZ.000858,五粮液,-51.0,69.78,2730.32
2026-09-24,A股个股,SZ.002352,顺丰控股,-51.0,30.64,1576.98
2026-09-24,A股个股,SZ.002371,北方华创,-17.0,659.42,4848.69
2026-09-24,A股个股,SZ.002415,海康威视,-24.0,32.95,3034.49
2026-09-24,A股个股,SZ.002475,立讯精密,-51.0,53.33,4208.39
2026-09-24,A股个股,SZ.002594,比亚迪,-49.0,84.9,7827.11
2026-09-24,A股个股,SZ.002714,牧原股份,-25.0,40.78,2390.02
2026-09-24,A股个股,SZ.300059,东方财富,-52.0,18.41,2950.84
2026-09-24,A股个股,SZ.300750,宁德时代,-66.0,297.02,13928.0
2026-09-24,A股个股,SZ.300760,迈瑞医疗,-51.0,154.5,1883.86
2026-09-24,全球ETF,HK.02830,沙特,-24.0,78.76,89.99
2026-09-24,全球ETF,HK.03004,越南,29.0,9.75,0.28
2026-09-24,全球ETF,HK.03121,韩国,82.0,6.745,7.02
2026-09-24,全球ETF,SH.520830,沙特,-76.0,0.878,11.29
2026-09-24,全球ETF,SH.520870,巴西,22.0,1.149,6.38
2026-09-24,全球ETF,US.ARGT,阿根廷,20.0,91.1,7.74
2026-09-24,全球ETF,US.ECH,智利,-4.0,39.58,9.94
2026-09-24,全球ETF,US.EEM,新兴市场,77.0,67.71,320.96
2026-09-24,全球ETF,US.EFA,欧澳远东,44.0,104.8,784.3
2026-09-24,全球ETF,US.EPI,印度,-67.0,41.77,19.25
2026-09-24,全球ETF,US.EWA,澳大利亚,21.0,28.36,12.61
2026-09-24,全球ETF,US.EWC,加拿大,44.0,59.6,69.51
2026-09-24,全球ETF,US.EWG,德国,6.0,41.87,15.84
2026-09-24,全球ETF,US.EWH,香港,-1.0,22.41,11.59
2026-09-24,全球ETF,US.EWI,意大利,41.0,59.98,11.1
2026-09-24,全球ETF,US.EWJ,日本,54.0,96.7,235.1
2026-09-24,全球ETF,US.EWL,瑞士,8.0,60.37,23.63
2026-09-24,全球ETF,US.EWM,马来西亚,5.0,27.64,3.08
2026-09-24,全球ETF,US.EWP,西班牙,43.0,60.35,22.31
2026-09-24,全球ETF,US.EWQ,法国,-46.0,43.63,3.53
2026-09-24,全球ETF,US.EWS,新加坡,50.0,33.33,13.51
2026-09-24,全球ETF,US.EWT,台湾,86.0,112.98,125.46
2026-09-24,全球ETF,US.EWU,英国,44.0,47.09,36.98
2026-09-24,全球ETF,US.EWW,墨西哥,8.0,73.42,16.37
2026-09-24,全球ETF,US.EWY,韩国,82.0,185.25,273.65
2026-09-24,全球ETF,US.EWZ,巴西,47.0,37.37,87.11
2026-09-24,全球ETF,US.EZA,南非,-43.0,66.44,5.46
2026-09-24,全球ETF,US.FXI,中国,-43.0,34.35,41.74
2026-09-24,全球ETF,US.IEV,欧洲,27.0,72.04,16.34
2026-09-24,我的自选,US.CONL,两倍Coin,23.0,6.43,6.49
2026-09-24,我的自选,US.GDXU,三倍金矿,-81.0,131.07,12.24
2026-09-24,我的自选,US.YINN,三倍中国,-52.0,25.89,6.18
2026-09-24,港股个股,HK.00005,汇丰,12.0,157.6,27353.0
2026-09-24,港股个股,HK.00016,新鸿基,-46.0,107.9,3161.48
2026-09-24,港股个股,HK.00267,中信股份,24.0,13.06,3805.01
2026-09-24,港股个股,HK.00300,美的,16.0,95.95,7354.67
2026-09-24,港股个股,HK.00386,中石化,-25.0,4.445,5365.76
2026-09-24,港股个股,HK.00388,港交所,-28.0,390.8,5018.1
2026-09-24,港股个股,HK.00700,腾讯,-47.0,436.4,40109.5
2026-09-24,港股个股,HK.00728,中国电信,-48.0,4.39,4030.89
2026-09-24,港股个股,HK.00762,中国联通,-48.0,5.615,1719.61
2026-09-24,港股个股,HK.00788,中国铁塔,-44.0,8.95,1579.68
2026-09-24,港股个股,HK.00857,中国石油,-1.0,9.51,17112.5
2026-09-24,港股个股,HK.00883,中国海油,-1.0,23.8,11093.5
2026-09-24,港股个股,HK.00939,建设银行,51.0,9.64,25270.6
2026-09-24,港股个股,HK.00941,中国移动,3.0,78.8,17092.5
2026-09-24,港股个股,HK.00981,中芯国际,-45.0,62.9,5462.72
2026-09-24,港股个股,HK.00998,中信银行,53.0,8.515,4710.36
2026-09-24,港股个股,HK.01024,快手,-60.0,30.56,1331.86
2026-09-24,港股个股,HK.01088,中国神华,22.0,44.94,9690.84
2026-09-24,港股个股,HK.01109,华润置地,-46.0,28.88,2112.18
2026-09-24,港股个股,HK.01211,比亚迪,-54.0,79.85,7325.67
2026-09-24,港股个股,HK.01288,农业银行,55.0,6.53,22731.4
2026-09-24,港股个股,HK.01299,友邦,-27.0,75.1,7796.2
2026-09-24,港股个股,HK.01398,工商银行,48.0,7.6,26873.0
2026-09-24,港股个股,HK.01658,邮储银行,49.0,5.38,6467.12
2026-09-24,港股个股,HK.01810,小米,-46.0,26.22,6743.98
2026-09-24,港股个股,HK.02015,理想,-52.0,45.82,912.76
2026-09-24,港股个股,HK.02020,安踏体育,-39.0,72.9,2008.0
2026-09-24,港股个股,HK.02318,中国平安,-47.0,53.25,9669.48
2026-09-24,港股个股,HK.02328,中国财险,4.0,16.67,3745.68
2026-09-24,港股个股,HK.02378,保诚,-64.0,98.15,2481.7
2026-09-24,港股个股,HK.02388,中银香港,22.0,51.3,5423.84
2026-09-24,港股个股,HK.02423,贝壳,-26.0,42.84,1439.76
2026-09-24,港股个股,HK.02601,中国太保,-49.0,28.36,2772.58
2026-09-24,港股个股,HK.02628,中国人寿,1.0,29.18,8394.62
2026-09-24,港股个股,HK.02888,渣打集团,25.0,237.6,5228.57
2026-09-24,港股个股,HK.02899,紫金矿业,-49.0,32.5,8929.16
2026-09-24,港股个股,HK.03328,交通银行,59.0,8.27,7254.67
2026-09-24,港股个股,HK.03690,美团,-63.0,72.1,4498.84
2026-09-24,港股个股,HK.03968,招商银行,25.0,51.2,12925.2
2026-09-24,港股个股,HK.03988,中国银行,53.0,6.02,19332.7
2026-09-24,港股个股,HK.06030,中信证券,-56.0,24.58,3956.07
2026-09-24,港股个股,HK.06160,百济神州,45.0,215.4,3365.27
2026-09-24,港股个股,HK.06690,海尔,-52.0,19.94,1852.24
2026-09-24,港股个股,HK.09618,京东,-48.0,105.6,2851.97
2026-09-24,港股个股,HK.09633,农夫山泉,-54.0,38.9,4383.87
2026-09-24,港股个股,HK.09888,百度,-59.0,87.1,2408.51
2026-09-24,港股个股,HK.09961,携程,-54.0,315.0,2036.47
2026-09-24,港股个股,HK.09988,阿里巴巴,-42.0,109.4,21833.7
2026-09-24,港股个股,HK.09999,网易,-48.0,185.3,5880.35
2026-09-24,港股常规,HK.02802,国指备兑,-41.0,6.96,97.26
2026-09-24,港股常规,HK.02822,A50,-31.0,15.16,70.98
2026-09-24,港股常规,HK.02830,沙特,-24.0,78.76,89.99
2026-09-24,港股常规,HK.03003,A50,-6.0,7.285,0.7
2026-09-24,港股常规,HK.03004,越南,29.0,9.75,0.28
2026-09-24,港股常规,HK.03005,中证500,23.0,26.06,0.42
2026-09-24,港股常规,HK.03030,黄金,-52.0,6.465,50.95
2026-09-24,港股常规,HK.03033,恒科,-54.0,4.258,620.35
2026-09-24,港股常规,HK.03034,纳指100,31.0,12.95,0.33
2026-09-24,港股常规,HK.03037,恒生,-23.0,25.34,6.36
2026-09-24,港股常规,HK.03066,比特币,38.0,26.38,3.08
2026-09-24,港股常规,HK.03068,以太币,41.0,11.58,1.28
2026-09-24,港股常规,HK.03109,科创板,6.0,16.1,6.43
2026-09-24,港股常规,HK.03121,韩国,82.0,6.745,7.02
2026-09-24,港股常规,HK.03133,沪深300,-20.0,11.5,5.93
2026-09-24,港股常规,HK.03134,太阳能,-43.0,4.756,0.38
2026-09-24,港股常规,HK.03147,创业板,-27.0,13.68,5.97
2026-09-24,港股常规,HK.03153,日经,71.0,133.85,11.75
2026-09-24,港股常规,HK.03167,新经济,-51.0,57.4,3.91
2026-09-24,港股常规,HK.03174,生物科技,41.0,3.842,10.06
2026-09-24,港股常规,HK.03193,5G,39.0,18.6,0.11
2026-09-24,港股常规,HK.03199,中债,77.0,121.8,54.69
2026-09-24,港股常规,HK.03431,港韩科技,14.0,10.37,12.75
2026-09-24,港股常规,HK.03432,港股精选,-7.0,105.7,108.57
2026-09-24,港股常规,HK.03433,美债,-80.0,62.9,14.56
2026-09-24,港股常规,HK.03441,东西精选,76.0,13.5,19.95
2026-09-24,港股常规,HK.03442,港美科技,-21.0,7.89,7.02
2026-09-24,港股常规,HK.03443,港股,-32.0,8.98,186.41
2026-09-24,港股常规,HK.03454,美股七巨头,39.0,11.94,1.22
2026-09-24,港股常规,HK.03469,红利,-12.0,8.05,5.37
2026-09-24,港股常规,HK.03537,韩国备兑,86.0,9.975,1.98
2026-09-24,港股杠杆,HK.07200,两倍恒生,-37.0,5.385,25.52
2026-09-24,港股杠杆,HK.07226,两倍恒科,-54.0,2.862,119.11
2026-09-24,港股杠杆,HK.07233,两倍沪深,-49.0,4.47,3.07
2026-09-24,港股杠杆,HK.07234,两倍创业,-44.0,8.465,1.65
2026-09-24,港股杠杆,HK.07262,两倍日经,49.0,182.0,0.62
2026-09-24,港股杠杆,HK.07266,两倍纳指,30.0,42.56,2.09
2026-09-24,港股杠杆,HK.07288,两倍国企,-44.0,2.79,2.23
2026-09-24,港股杠杆,HK.07299,两倍黄金,-78.0,22.72,15.95
2026-09-24,港股杠杆,HK.07709,两倍海力士,26.0,42.9,364.7
2026-09-24,港股杠杆,HK.07711,两倍COIN,23.0,28.22,0.42
2026-09-24,港股杠杆,HK.07747,两倍三星,34.0,83.4,83.04
2026-09-24,港股杠杆,HK.07766,两倍特斯拉,-18.0,90.04,0.8
2026-09-24,港股杠杆,HK.07777,两倍伯克希尔,-34.0,56.74,0.22
2026-09-24,港股杠杆,HK.07788,两倍英伟达,17.0,176.3,0.63
2026-09-24,港股杠杆,HK.07799,两倍MSTR,31.0,5.17,0.85
2026-09-24,港股通,HK.03033,恒科,-54.0,4.258,620.35
2026-09-24,港股通,HK.03037,恒生,-23.0,25.34,6.36
2026-09-24,港股通,HK.03167,新经济,-51.0,57.4,3.91
2026-09-24,港股通,HK.03174,生物科技,41.0,3.842,10.06
2026-09-24,港股通,HK.03431,港韩科技,14.0,10.37,12.75
2026-09-24,港股通,HK.03432,港股精选,-7.0,105.7,108.57
2026-09-24,港股通,HK.03441,东西精选,76.0,13.5,19.95
2026-09-24,港股通,HK.03442,港美科技,-21.0,7.89,7.02
2026-09-24,港股通,HK.03443,港股,-32.0,8.98,186.41
2026-09-24,港股通,HK.03469,红利,-12.0,8.05,5.37
2026-09-24,美股个股,US.AAPL,苹果,35.0,336.81,49583.7
2026-09-24,美股个股,US.ABBV,艾伯维,32.0,265.08,4686.57
2026-09-24,美股个股,US.ABT,雅培,-44.0,103.5,1794.23
2026-09-24,美股个股,US.ACN,埃森哲,-39.0,183.59,1124.26
2026-09-24,美股个股,US.AMZN,亚马逊,-30.0,248.64,27502.9
2026-09-24,美股个股,US.ASML,阿斯麦,78.0,1739.06,6713.68
2026-09-24,美股个股,US.AVGO,博通,-60.0,355.15,17401.8
2026-09-24,美股个股,US.AZN,阿斯利康,-31.0,163.49,2611.24
2026-09-24,美股个股,US.BABA,阿里,-43.0,111.55,2891.03
2026-09-24,美股个股,US.BAC,美国银行,-46.0,56.07,3929.92
2026-09-24,美股个股,US.BRK.B,伯克希尔,3.0,508.5,10778.3
2026-09-24,美股个股,US.COST,好市多,-64.0,905.67,3988.69
2026-09-24,美股个股,US.CRM,赛富时,-4.0,236.57,1919.89
2026-09-24,美股个股,US.CSCO,思科,-28.0,106.33,4196.49
2026-09-24,美股个股,US.CVX,雪佛龙,5.0,205.23,3999.16
2026-09-24,美股个股,US.GE,GE,-51.0,319.5,3312.11
2026-09-24,美股个股,US.GOOG,谷歌,-23.0,336.17,42488.2
2026-09-24,美股个股,US.HD,家得宝,-80.0,296.7,3046.45
2026-09-24,美股个股,US.HSBC,汇丰,-7.0,100.56,3487.99
2026-09-24,美股个股,US.IBM,IBM,-58.0,232.45,2179.91
2026-09-24,美股个股,US.JNJ,强生,5.0,268.24,6487.21
2026-09-24,美股个股,US.JPM,摩根大通,-26.0,337.19,9037.83
2026-09-24,美股个股,US.KO,可口可乐,24.0,88.19,3812.49
2026-09-24,美股个股,US.LIN,林德气体,-28.0,471.9,2143.14
2026-09-24,美股个股,US.LLY,礼来,20.0,1152.16,11015.2
2026-09-24,美股个股,US.MA,万事达,-11.0,559.92,4869.65
2026-09-24,美股个股,US.MCD,麦当劳,-83.0,238.7,1771.58
2026-09-24,美股个股,US.META,META,44.0,741.39,18764.8
2026-09-24,美股个股,US.MRK,默沙东,6.0,147.27,3723.21
2026-09-24,美股个股,US.MSFT,微软,28.0,499.53,36979.2
2026-09-24,美股个股,US.MSTR,MSTR,36.0,160.65,642.92
2026-09-24,美股个股,US.NFLX,奈飞,-76.0,71.5,3004.7
2026-09-24,美股个股,US.NVDA,英伟达,30.0,225.05,55157.7
2026-09-24,美股个股,US.NVO,诺和诺德,-83.0,38.21,1759.21
2026-09-24,美股个股,US.NVS,诺华制药,-37.0,142.71,2685.33
2026-09-24,美股个股,US.ORCL,甲骨文,-65.0,144.06,4511.41
2026-09-24,美股个股,US.PDD,拼多多,-51.0,79.26,1143.7
2026-09-24,美股个股,US.PEP,百事可乐,-73.0,130.38,1790.6
2026-09-24,美股个股,US.PG,宝洁,-14.0,147.25,3442.66
2026-09-24,美股个股,US.PM,菲利普莫里斯,23.0,190.84,2964.95
2026-09-24,美股个股,US.SAP,SAP,-28.0,210.62,2431.67
2026-09-24,美股个股,US.SHEL,壳牌,35.0,95.67,2680.65
2026-09-24,美股个股,US.TM,丰田,-67.0,188.37,2274.34
2026-09-24,美股个股,US.TMO,赛默飞世尔,44.0,665.3,2434.86
2026-09-24,美股个股,US.TSLA,特斯拉,3.0,379.81,14964.8
2026-09-24,美股个股,US.TSM,台积电,37.0,444.9,23443.0
2026-09-24,美股个股,US.UNH,联合健康,-38.0,370.52,3347.58
2026-09-24,美股个股,US.V,VISA,-7.0,360.6,6771.43
2026-09-24,美股个股,US.WFC,富国银行,-57.0,81.99,2514.46
2026-09-24,美股个股,US.WMT,沃尔玛,-18.0,110.48,8736.64
2026-09-24,美股个股,US.XOM,美孚,5.0,161.06,6526.02
2026-09-24,美股常规,US.AGG,债券,-77.0,95.41,1376.74
2026-09-24,美股常规,US.ARKK,ARKK,41.0,89.58,95.92
2026-09-24,美股常规,US.DIA,道指,-13.0,513.34,472.89
2026-09-24,美股常规,US.ESPO,电竞,-22.0,97.782,2.56
2026-09-24,美股常规,US.GLD,黄金,-75.0,392.31,1466.99
2026-09-24,美股常规,US.IAI,铲子,-20.0,182.83,14.04
2026-09-24,美股常规,US.IAK,保险,-39.0,138.23,4.52
2026-09-24,美股常规,US.IBIT,比特币,44.0,47.63,679.06
2026-09-24,美股常规,US.ITB,地产,-71.0,88.79,23.67
2026-09-24,美股常规,US.IWM,罗素,-16.0,281.65,759.11
2026-09-24,美股常规,US.KRE,小银行,-28.0,70.38,37.03
2026-09-24,美股常规,US.KWEB,中概,-52.0,24.77,47.88
2026-09-24,美股常规,US.NLR,核能,-74.0,108.33,38.25
2026-09-24,美股常规,US.QQQ,纳指100,32.0,740.66,4958.05
2026-09-24,美股常规,US.SMH,半导体,39.0,599.3,728.12
2026-09-24,美股常规,US.SOXX,半导体,41.0,563.99,484.54
2026-09-24,美股常规,US.SPMO,标普Plus,29.0,151.64,235.44
2026-09-24,美股常规,US.SPY,标普,24.0,767.04,8033.27
2026-09-24,美股常规,US.VDC,可选消费,-29.0,223.13,92.53
2026-09-24,美股常规,US.VIG,红利,-6.0,237.08,1324.08
2026-09-24,美股常规,US.VOX,通讯,32.0,192.96,59.34
2026-09-24,美股常规,US.VTI,全股,24.0,377.81,23437.4
2026-09-24,美股常规,US.VTV,价值,-2.0,221.12,2622.99
2026-09-24,美股常规,US.VUG,成长,30.0,90.11,3845.33
2026-09-24,美股常规,US.XBI,生物科技,-4.0,155.54,104.42
2026-09-24,美股常规,US.XLC,通讯,4.0,112.56,232.84
2026-09-24,美股常规,US.XLE,能源,51.0,62.29,400.22
2026-09-24,美股常规,US.XLF,金融,-21.0,54.66,515.48
2026-09-24,美股常规,US.XLI,工业,-29.0,170.1,304.17
2026-09-24,美股常规,US.XLP,必需消费,-22.0,82.65,136.36
2026-09-24,美股常规,US.XLU,公用事业,-81.0,39.8,209.48
2026-09-24,美股常规,US.XLV,医疗,4.0,168.36,428.1
2026-09-24,美股常规,US.YMAX,期权,87.0,7.76,3.88
2026-09-24,美股杠杆,US.AAPU,两倍苹果,33.0,45.38,1.82
2026-09-24,美股杠杆,US.AGQ,两倍白银,-77.0,75.6,14.54
2026-09-24,美股杠杆,US.AMDL,两倍AMD,41.0,79.36,12.3
2026-09-24,美股杠杆,US.AMZU,两倍亚马逊,-49.0,33.95,3.0
2026-09-24,美股杠杆,US.AVGX,两倍博通,-70.0,38.58,2.26
2026-09-24,美股杠杆,US.BABX,两倍阿里,-46.0,17.51,1.28
2026-09-24,美股杠杆,US.BITX,两倍比特币,25.0,19.93,13.94
2026-09-24,美股杠杆,US.BOIL,两倍天然气,-37.0,22.01,3.81
2026-09-24,美股杠杆,US.BRKU,两倍伯克希尔,-34.0,22.96,0.39
2026-09-24,美股杠杆,US.BRZU,两倍巴西,9.0,101.69,1.17
2026-09-24,美股杠杆,US.BULZ,三倍科技,40.0,45.16,39.21
2026-09-24,美股杠杆,US.CHAU,两倍沪深,-40.0,20.53,1.0
2026-09-24,美股杠杆,US.CONL,两倍Coin,23.0,6.43,6.49
2026-09-24,美股杠杆,US.CURE,三倍医疗,2.0,130.33,1.7
2026-09-24,美股杠杆,US.CWEB,两倍中概,-54.0,18.74,1.89
2026-09-24,美股杠杆,US.DFEN,三倍军工,-75.0,52.34,3.15
2026-09-24,美股杠杆,US.DPST,三倍小银行,-46.0,114.6,3.16
2026-09-24,美股杠杆,US.ETHU,两倍以太币,27.0,30.23,14.66
2026-09-24,美股杠杆,US.EURL,三倍欧洲,-3.0,43.86,0.44
2026-09-24,美股杠杆,US.FAS,三倍金融,-32.0,152.0,20.77
2026-09-24,美股杠杆,US.FBL,两倍Meta,24.0,33.54,2.19
2026-09-24,美股杠杆,US.FNGU,三倍巨无霸,34.0,35.09,28.73
2026-09-24,美股杠杆,US.GDXU,三倍金矿,-81.0,131.07,12.24
2026-09-24,美股杠杆,US.GGLL,两倍谷歌,-44.0,96.93,10.54
2026-09-24,美股杠杆,US.INDL,两倍印度,-80.0,41.98,0.54
2026-09-24,美股杠杆,US.KORU,三倍韩国,-3.0,21.11,14.26
2026-09-24,美股杠杆,US.LABU,三倍生科,-16.0,254.7,5.74
2026-09-24,美股杠杆,US.MSFU,两倍微软,-25.0,37.39,5.23
2026-09-24,美股杠杆,US.MSTU,两倍MSTR,31.0,43.92,8.96
2026-09-24,美股杠杆,US.NAIL,三倍地产,-73.0,30.09,5.33
2026-09-24,美股杠杆,US.NVDL,两倍英伟达,17.0,35.68,38.41
2026-09-24,美股杠杆,US.OILU,三倍油气,31.0,48.29,0.73
2026-09-24,美股杠杆,US.PTIR,两倍PLTR,9.0,21.92,3.47
2026-09-24,美股杠杆,US.QLD,两倍纳指,32.0,95.99,151.45
2026-09-24,美股杠杆,US.RETL,三倍零售,-77.0,7.11,0.25
2026-09-24,美股杠杆,US.SMCX,两倍SMCI,-15.0,13.95,1.6
2026-09-24,美股杠杆,US.SOXL,三倍半导体,2.0,145.04,248.15
2026-09-24,美股杠杆,US.SPXL,三倍标普,22.0,286.4,74.38
2026-09-24,美股杠杆,US.SPYU,四倍标普,20.0,34.5,5.73
2026-09-24,美股杠杆,US.SSO,两倍标普,23.0,70.14,91.06
2026-09-24,美股杠杆,US.TECL,三倍科技,34.0,229.43,65.49
2026-09-24,美股杠杆,US.TMF,三倍美债,-81.0,28.23,22.0
2026-09-24,美股杠杆,US.TNA,三倍小盘,-31.0,60.2,12.57
2026-09-24,美股杠杆,US.TQQQ,三倍纳指,30.0,78.49,397.23
2026-09-24,美股杠杆,US.TSLL,两倍特斯拉,-18.0,10.36,40.19
2026-09-24,美股杠杆,US.TSMX,两倍台积电,30.0,86.0,6.01
2026-09-24,美股杠杆,US.UCO,两倍原油,88.0,51.79,4.28
2026-09-24,美股杠杆,US.UDOW,三倍道指,-32.0,64.74,8.71
2026-09-24,美股杠杆,US.UGL,两倍黄金,-79.0,48.54,8.53
2026-09-24,美股杠杆,US.UPRO,三倍标普,22.0,149.86,57.16
2026-09-24,美股杠杆,US.USD,两倍半导体,28.0,94.07,29.26
2026-09-24,美股杠杆,US.UTSL,三倍公用,-82.0,30.15,0.45
2026-09-24,美股杠杆,US.WEBL,三倍互联,1.0,28.96,0.98
2026-09-24,美股杠杆,US.YINN,三倍中国,-52.0,25.89,6.18
2026-09-25,A股ETF,SH.510050,上证50,-51.0,2.959,191.77
2026-09-25,A股ETF,SH.510210,上证指数,-17.0,1.001,85.75
2026-09-25,A股ETF,SH.510300,沪深300,-58.0,4.515,868.19
2026-09-25,A股ETF,SH.510500,中证500,-33.0,7.65,324.34
2026-09-25,A股ETF,SH.510880,A股红利,9.0,3.357,256.41
2026-09-25,A股ETF,SH.511380,可转债,-86.0,13.123,573.34
2026-09-25,A股ETF,SH.512010,医药,-27.0,0.375,188.57
2026-09-25,A股ETF,SH.512100,中证1000,-27.0,3.079,96.81
2026-09-25,A股ETF,SH.512170,医疗,4.0,0.341,292.05
2026-09-25,A股ETF,SH.512480,半导体,-5.0,1.023,89.39
2026-09-25,A股ETF,SH.512660,军工,-48.0,1.129,60.61
2026-09-25,A股ETF,SH.512690,酒,-60.0,0.408,142.97
2026-09-25,A股ETF,SH.512800,银行,20.0,0.839,120.15
2026-09-25,A股ETF,SH.512880,证券,-56.0,1.046,562.18
2026-09-25,A股ETF,SH.513000,日本,20.0,2.263,22.84
2026-09-25,A股ETF,SH.513030,德国,-48.0,1.796,18.63
2026-09-25,A股ETF,SH.513050,中概互联网,-57.0,1.025,345.61
2026-09-25,A股ETF,SH.513060,恒生医疗,1.0,0.578,66.74
2026-09-25,A股ETF,SH.513080,法国,-85.0,1.713,11.09
2026-09-25,A股ETF,SH.513120,香港创新药,21.0,1.314,307.7
2026-09-25,A股ETF,SH.513130,恒生科技,-61.0,0.539,353.88
2026-09-25,A股ETF,SH.513290,纳指生物科技,3.0,1.759,17.27
2026-09-25,A股ETF,SH.513330,恒生互联网,-62.0,0.347,251.36
2026-09-25,A股ETF,SH.513400,道琼斯,-15.0,1.296,30.19
2026-09-25,A股ETF,SH.513500,标普500,25.0,2.684,270.44
2026-09-25,A股ETF,SH.513630,港股红利,-30.0,1.556,117.67
2026-09-25,A股ETF,SH.513730,东南亚科技,-84.0,1.088,10.99
2026-09-25,A股ETF,SH.513850,美国50,28.0,1.863,19.82
2026-09-25,A股ETF,SH.515030,新能源车,-63.0,1.472,24.96
2026-09-25,A股ETF,SH.515050,5G通信,-11.0,1.038,191.69
2026-09-25,A股ETF,SH.515230,软件,-58.0,0.668,47.72
2026-09-25,A股ETF,SH.515790,光伏,-57.0,0.792,55.04
2026-09-25,A股ETF,SH.515800,中证800,-50.0,1.247,38.4
2026-09-25,A股ETF,SH.518880,黄金,-79.0,8.788,916.09
2026-09-25,A股ETF,SH.520830,沙特,-76.0,0.876,11.29
2026-09-25,A股ETF,SH.520870,巴西,16.0,1.14,6.43
2026-09-25,A股ETF,SH.562500,机器人,-58.0,0.919,141.31
2026-09-25,A股ETF,SH.563300,中证2000,26.0,1.466,31.47
2026-09-25,A股ETF,SH.588000,科创板,-12.0,1.713,523.55
2026-09-25,A股ETF,SZ.159502,标普生物科技,-1.0,1.585,19.06
2026-09-25,A股ETF,SZ.159509,纳指科技,49.0,3.073,207.0
2026-09-25,A股ETF,SZ.159518,标普油气,-5.0,1.246,20.49
2026-09-25,A股ETF,SZ.159529,标普消费,-62.0,1.26,10.36
2026-09-25,A股ETF,SZ.159687,亚太精选,9.0,1.858,31.9
2026-09-25,A股ETF,SZ.159819,人工智能,0.0,1.762,213.2
2026-09-25,A股ETF,SZ.159865,养殖,-58.0,0.522,65.3
2026-09-25,A股ETF,SZ.159869,游戏,-59.0,1.06,84.78
2026-09-25,A股ETF,SZ.159915,创业板,-50.0,3.312,225.33
2026-09-25,A股ETF,SZ.159920,恒生,-45.0,1.453,82.8
2026-09-25,A股ETF,SZ.159928,消费,-60.0,0.646,150.12
2026-09-25,A股ETF,SZ.159941,纳指100,33.0,1.707,396.27
2026-09-25,A股ETF,SZ.159992,创新药,-17.0,0.841,166.24
2026-09-25,A股ETF,SZ.159995,芯片,-12.0,1.132,280.68
2026-09-25,A股ETF,SZ.164824,印度,-83.0,1.25,21.85
2026-09-25,A股个股,SH.600000,浦发银行,-54.0,9.0,2997.53
2026-09-25,A股个股,SH.600028,中国石化,-48.0,5.32,6422.01
2026-09-25,A股个股,SH.600030,中信证券,-41.0,26.29,4107.62
2026-09-25,A股个股,SH.600036,招商银行,19.0,40.69,10262.0
2026-09-25,A股个股,SH.600276,恒瑞医药,-53.0,44.86,2977.45
2026-09-25,A股个股,SH.600519,贵州茅台,-62.0,1237.0,15463.5
2026-09-25,A股个股,SH.600690,海尔智家,-62.0,20.14,1873.64
2026-09-25,A股个股,SH.600900,长江电力,33.0,28.36,6939.19
2026-09-25,A股个股,SH.600938,中国海油,-28.0,32.8,15589.8
2026-09-25,A股个股,SH.600941,中国移动,-12.0,97.45,21137.8
2026-09-25,A股个股,SH.601088,中国神华,42.0,48.03,10417.4
2026-09-25,A股个股,SH.601138,工业富联,-40.0,61.0,12104.9
2026-09-25,A股个股,SH.601166,兴业银行,-41.0,17.88,3783.92
2026-09-25,A股个股,SH.601211,国泰海通,-42.0,17.21,3025.7
2026-09-25,A股个股,SH.601288,农业银行,-23.0,6.87,24043.8
2026-09-25,A股个股,SH.601318,中国平安,-48.0,53.25,9642.32
2026-09-25,A股个股,SH.601319,中国人保,14.0,8.07,3568.88
2026-09-25,A股个股,SH.601328,交通银行,49.0,7.56,6680.3
2026-09-25,A股个股,SH.601398,工商银行,44.0,8.13,28975.8
2026-09-25,A股个股,SH.601601,中国太保,-59.0,30.88,2970.76
2026-09-25,A股个股,SH.601628,中国人寿,-46.0,37.43,10579.5
2026-09-25,A股个股,SH.601658,邮储银行,-10.0,5.33,6401.07
2026-09-25,A股个股,SH.601668,中国建筑,-60.0,4.26,1760.25
2026-09-25,A股个股,SH.601728,中国电信,-12.0,6.16,5636.84
2026-09-25,A股个股,SH.601816,京沪高铁,-46.0,4.69,2294.61
2026-09-25,A股个股,SH.601818,光大银行,-48.0,3.0,1772.57
2026-09-25,A股个股,SH.601857,中国石油,23.0,10.95,20040.8
2026-09-25,A股个股,SH.601899,紫金矿业,-60.0,30.01,7979.87
2026-09-25,A股个股,SH.601919,中远海控,13.0,16.3,2488.7
2026-09-25,A股个股,SH.601939,建设银行,44.0,10.98,28723.7
2026-09-25,A股个股,SH.601988,中国银行,47.0,6.62,21330.5
2026-09-25,A股个股,SH.601998,中信银行,48.0,9.01,5013.63
2026-09-25,A股个股,SH.603288,海天味业,-55.0,33.93,1985.26
2026-09-25,A股个股,SH.688041,海光信息,-23.0,248.3,5771.33
2026-09-25,A股个股,SH.688235,百济神州-U,-28.0,258.0,3979.1
2026-09-25,A股个股,SH.688256,寒武纪-U,1.0,1091.48,6863.82
2026-09-25,A股个股,SH.688981,中芯国际,-42.0,119.98,10273.0
2026-09-25,A股个股,SZ.000001,平安银行,13.0,11.3,2192.87
2026-09-25,A股个股,SZ.000333,美的集团,0.0,82.65,6306.04
2026-09-25,A股个股,SZ.000651,格力电器,6.0,38.5,2156.54
2026-09-25,A股个股,SZ.000858,五粮液,-59.0,69.67,2704.32
2026-09-25,A股个股,SZ.002352,顺丰控股,-58.0,30.54,1559.11
2026-09-25,A股个股,SZ.002371,北方华创,-28.0,653.06,4739.19
2026-09-25,A股个股,SZ.002415,海康威视,-38.0,32.63,2990.5
2026-09-25,A股个股,SZ.002475,立讯精密,-64.0,52.0,4024.95
2026-09-25,A股个股,SZ.002594,比亚迪,-58.0,84.34,7689.44
2026-09-25,A股个股,SZ.002714,牧原股份,-35.0,40.48,2336.91
2026-09-25,A股个股,SZ.300059,东方财富,-61.0,18.28,2892.3
2026-09-25,A股个股,SZ.300750,宁德时代,-73.0,293.5,13581.0
2026-09-25,A股个股,SZ.300760,迈瑞医疗,-59.0,153.86,1864.47
2026-09-25,全球ETF,HK.02830,沙特,-24.0,78.76,90.0
2026-09-25,全球ETF,HK.03004,越南,12.0,9.61,0.28
2026-09-25,全球ETF,HK.03121,韩国,81.0,6.75,7.06
2026-09-25,全球ETF,SH.520830,沙特,-76.0,0.876,11.29
2026-09-25,全球ETF,SH.520870,巴西,16.0,1.14,6.43
2026-09-25,全球ETF,US.ARGT,阿根廷,9.0,89.774,7.76
2026-09-25,全球ETF,US.ECH,智利,-18.0,38.91,10.04
2026-09-25,全球ETF,US.EEM,新兴市场,54.0,67.25,321.76
2026-09-25,全球ETF,US.EFA,欧澳远东,43.0,104.4,785.78
2026-09-25,全球ETF,US.EPI,印度,-77.0,41.51,19.25
2026-09-25,全球ETF,US.EWA,澳大利亚,6.0,28.078,12.45
2026-09-25,全球ETF,US.EWC,加拿大,42.0,59.44,68.54
2026-09-25,全球ETF,US.EWG,德国,7.0,41.87,15.74
2026-09-25,全球ETF,US.EWH,香港,-18.0,22.154,11.57
2026-09-25,全球ETF,US.EWI,意大利,41.0,59.94,10.99
2026-09-25,全球ETF,US.EWJ,日本,50.0,95.5,235.95
2026-09-25,全球ETF,US.EWL,瑞士,8.0,60.44,23.74
2026-09-25,全球ETF,US.EWM,马来西亚,7.0,27.74,2.93
2026-09-25,全球ETF,US.EWP,西班牙,44.0,60.78,22.28
2026-09-25,全球ETF,US.EWQ,法国,-81.0,42.661,3.63
2026-09-25,全球ETF,US.EWS,新加坡,48.0,33.1,13.64
2026-09-25,全球ETF,US.EWT,台湾,87.0,113.46,125.65
2026-09-25,全球ETF,US.EWU,英国,44.0,47.16,36.81
2026-09-25,全球ETF,US.EWW,墨西哥,-10.0,72.34,16.47
2026-09-25,全球ETF,US.EWY,韩国,53.0,182.88,274.21
2026-09-25,全球ETF,US.EWZ,巴西,37.0,36.783,87.64
2026-09-25,全球ETF,US.EZA,南非,-46.0,66.19,5.18
2026-09-25,全球ETF,US.FXI,中国,-51.0,34.248,41.87
2026-09-25,全球ETF,US.IEV,欧洲,31.0,72.22,16.36
2026-09-25,我的自选,US.CONL,两倍Coin,25.0,6.52,6.35
2026-09-25,我的自选,US.GDXU,三倍金矿,-85.0,124.76,13.62
2026-09-25,我的自选,US.YINN,三倍中国,-59.0,25.56,6.1
2026-09-25,港股个股,HK.00005,汇丰,4.0,157.1,26903.9
2026-09-25,港股个股,HK.00016,新鸿基,-53.0,107.9,3135.4
2026-09-25,港股个股,HK.00267,中信股份,18.0,13.09,3807.92
2026-09-25,港股个股,HK.00300,美的,12.0,96.8,7373.8
2026-09-25,港股个股,HK.00386,中石化,-26.0,4.485,5414.04
2026-09-25,港股个股,HK.00388,港交所,-29.0,393.6,4987.67
2026-09-25,港股个股,HK.00700,腾讯,-32.0,439.0,39873.1
2026-09-25,港股个股,HK.00728,中国电信,-53.0,4.41,4035.46
2026-09-25,港股个股,HK.00762,中国联通,-56.0,5.59,1707.38
2026-09-25,港股个股,HK.00788,中国铁塔,-52.0,8.915,1569.12
2026-09-25,港股个股,HK.00857,中国石油,-3.0,9.615,17597.5
2026-09-25,港股个股,HK.00883,中国海油,-7.0,23.84,11331.1
2026-09-25,港股个股,HK.00939,建设银行,45.0,9.675,25322.9
2026-09-25,港股个股,HK.00941,中国移动,-3.0,78.85,17114.2
2026-09-25,港股个股,HK.00981,中芯国际,-48.0,63.6,5462.72
2026-09-25,港股个股,HK.00998,中信银行,45.0,8.48,4727.06
2026-09-25,港股个股,HK.01024,快手,-67.0,30.58,1319.75
2026-09-25,港股个股,HK.01088,中国神华,11.0,44.66,9686.5
2026-09-25,港股个股,HK.01109,华润置地,-53.0,28.96,2072.25
2026-09-25,港股个股,HK.01211,比亚迪,-63.0,79.5,7248.17
2026-09-25,港股个股,HK.01288,农业银行,51.0,6.6,23133.9
2026-09-25,港股个股,HK.01299,友邦,-27.0,75.85,7842.76
2026-09-25,港股个股,HK.01398,工商银行,43.0,7.655,27300.7
2026-09-25,港股个股,HK.01658,邮储银行,44.0,5.42,6509.15
2026-09-25,港股个股,HK.01810,小米,-49.0,26.58,6847.05
2026-09-25,港股个股,HK.02015,理想,-54.0,46.76,923.03
2026-09-25,港股个股,HK.02020,安踏体育,-53.0,72.0,2012.19
2026-09-25,港股个股,HK.02318,中国平安,-54.0,53.3,9642.32
2026-09-25,港股个股,HK.02328,中国财险,2.0,16.8,3725.66
2026-09-25,港股个股,HK.02378,保诚,-70.0,98.3,2443.52
2026-09-25,港股个股,HK.02388,中银香港,14.0,51.05,5418.55
2026-09-25,港股个股,HK.02423,贝壳,-29.0,43.18,1435.78
2026-09-25,港股个股,HK.02601,中国太保,-55.0,28.46,2734.1
2026-09-25,港股个股,HK.02628,中国人寿,-1.0,29.5,8321.13
2026-09-25,港股个股,HK.02888,渣打集团,16.0,236.2,5139.76
2026-09-25,港股个股,HK.02899,紫金矿业,-54.0,32.66,8700.48
2026-09-25,港股个股,HK.03328,交通银行,52.0,8.275,7320.94
2026-09-25,港股个股,HK.03690,美团,-69.0,72.25,4461.79
2026-09-25,港股个股,HK.03968,招商银行,18.0,51.2,12912.6
2026-09-25,港股个股,HK.03988,中国银行,46.0,6.04,19461.6
2026-09-25,港股个股,HK.06030,中信证券,-65.0,24.42,3818.57
2026-09-25,港股个股,HK.06160,百济神州,38.0,215.4,3319.0
2026-09-25,港股个股,HK.06690,海尔,-57.0,20.04,1864.34
2026-09-25,港股个股,HK.09618,京东,-54.0,105.7,2838.53
2026-09-25,港股个股,HK.09633,农夫山泉,-59.0,39.12,4399.62
2026-09-25,港股个股,HK.09888,百度,-68.0,86.45,2347.31
2026-09-25,港股个股,HK.09961,携程,-62.0,313.0,1973.5
2026-09-25,港股个股,HK.09988,阿里巴巴,-27.0,110.0,21873.5
2026-09-25,港股个股,HK.09999,网易,-31.0,186.6,5953.74
2026-09-25,港股常规,HK.02802,国指备兑,-47.0,6.985,96.45
2026-09-25,港股常规,HK.02822,A50,-45.0,15.07,70.38
2026-09-25,港股常规,HK.02830,沙特,-24.0,78.76,90.0
2026-09-25,港股常规,HK.03003,A50,-18.0,7.24,0.7
2026-09-25,港股常规,HK.03004,越南,12.0,9.61,0.28
2026-09-25,港股常规,HK.03005,中证500,-13.0,25.68,0.42
2026-09-25,港股常规,HK.03030,黄金,-49.0,6.47,50.98
2026-09-25,港股常规,HK.03033,恒科,-59.0,4.278,612.68
2026-09-25,港股常规,HK.03034,纳指100,30.0,12.91,0.32
2026-09-25,港股常规,HK.03037,恒生,-27.0,25.4,6.29
2026-09-25,港股常规,HK.03066,比特币,39.0,26.46,3.02
2026-09-25,港股常规,HK.03068,以太币,42.0,11.63,1.25
2026-09-25,港股常规,HK.03109,科创板,-7.0,15.94,6.41
2026-09-25,港股常规,HK.03121,韩国,81.0,6.75,7.06
2026-09-25,港股常规,HK.03133,沪深300,-33.0,11.42,5.89
2026-09-25,港股常规,HK.03134,太阳能,-54.0,4.694,0.38
2026-09-25,港股常规,HK.03147,创业板,-41.0,13.52,5.93
2026-09-25,港股常规,HK.03153,日经,49.0,133.2,11.7
2026-09-25,港股常规,HK.03167,新经济,-58.0,57.28,3.86
2026-09-25,港股常规,HK.03174,生物科技,31.0,3.826,10.04
2026-09-25,港股常规,HK.03193,5G,16.0,17.96,0.11
2026-09-25,港股常规,HK.03199,中债,77.0,121.8,54.63
2026-09-25,港股常规,HK.03431,港韩科技,14.0,10.38,12.69
2026-09-25,港股常规,HK.03432,港股精选,-14.0,105.8,108.32
2026-09-25,港股常规,HK.03433,美债,-80.0,62.82,14.32
2026-09-25,港股常规,HK.03441,东西精选,76.0,13.5,21.2
2026-09-25,港股常规,HK.03442,港美科技,-28.0,7.89,7.03
2026-09-25,港股常规,HK.03443,港股,-39.0,8.985,184.69
2026-09-25,港股常规,HK.03454,美股七巨头,39.0,11.86,1.21
2026-09-25,港股常规,HK.03469,红利,-18.0,8.065,5.34
2026-09-25,港股常规,HK.03537,韩国备兑,86.0,9.95,2.0
2026-09-25,港股杠杆,HK.07200,两倍恒生,-40.0,5.425,25.03
2026-09-25,港股杠杆,HK.07226,两倍恒科,-60.0,2.89,115.92
2026-09-25,港股杠杆,HK.07233,两倍沪深,-57.0,4.414,3.03
2026-09-25,港股杠杆,HK.07234,两倍创业,-55.0,8.19,1.63
2026-09-25,港股杠杆,HK.07262,两倍日经,46.0,180.15,0.62
2026-09-25,港股杠杆,HK.07266,两倍纳指,28.0,42.06,2.05
2026-09-25,港股杠杆,HK.07288,两倍国企,-49.0,2.81,2.18
2026-09-25,港股杠杆,HK.07299,两倍黄金,-78.0,22.7,15.53
2026-09-25,港股杠杆,HK.07709,两倍海力士,25.0,42.52,371.59
2026-09-25,港股杠杆,HK.07711,两倍COIN,23.0,28.44,0.37
2026-09-25,港股杠杆,HK.07747,两倍三星,33.0,82.72,87.49
2026-09-25,港股杠杆,HK.07766,两倍特斯拉,-18.0,89.96,0.76
2026-09-25,港股杠杆,HK.07777,两倍伯克希尔,-34.0,56.78,0.22
2026-09-25,港股杠杆,HK.07788,两倍英伟达,15.0,174.8,0.62
2026-09-25,港股杠杆,HK.07799,两倍MSTR,31.0,5.205,0.76
2026-09-25,港股通,HK.03033,恒科,-59.0,4.278,612.68
2026-09-25,港股通,HK.03037,恒生,-27.0,25.4,6.29
2026-09-25,港股通,HK.03167,新经济,-58.0,57.28,3.86
2026-09-25,港股通,HK.03174,生物科技,31.0,3.826,10.04
2026-09-25,港股通,HK.03431,港韩科技,14.0,10.38,12.69
2026-09-25,港股通,HK.03432,港股精选,-14.0,105.8,108.32
2026-09-25,港股通,HK.03441,东西精选,76.0,13.5,21.2
2026-09-25,港股通,HK.03442,港美科技,-28.0,7.89,7.03
2026-09-25,港股通,HK.03443,港股,-39.0,8.985,184.69
2026-09-25,港股通,HK.03469,红利,-18.0,8.065,5.34
2026-09-25,美股个股,US.AAPL,苹果,35.0,335.902,49185.3
2026-09-25,美股个股,US.ABBV,艾伯维,34.0,265.12,4684.27
2026-09-25,美股个股,US.ABT,雅培,-54.0,101.11,1790.77
2026-09-25,美股个股,US.ACN,埃森哲,-52.0,177.6,1123.04
2026-09-25,美股个股,US.AMZN,亚马逊,-28.0,249.29,26887.0
2026-09-25,美股个股,US.ASML,阿斯麦,73.0,1720.655,6701.05
2026-09-25,美股个股,US.AVGO,博通,-65.0,350.466,16945.9
2026-09-25,美股个股,US.AZN,阿斯利康,-17.0,166.445,2533.08
2026-09-25,美股个股,US.BABA,阿里,-52.0,110.8,2754.07
2026-09-25,美股个股,US.BAC,美国银行,-44.0,56.09,3915.94
2026-09-25,美股个股,US.BRK.B,伯克希尔,-24.0,505.63,10857.0
2026-09-25,美股个股,US.COST,好市多,-66.0,898.7,4012.15
2026-09-25,美股个股,US.CRM,赛富时,-2.0,238.4,1955.28
2026-09-25,美股个股,US.CSCO,思科,-25.0,106.71,4196.1
2026-09-25,美股个股,US.CVX,雪佛龙,5.0,205.65,4060.41
2026-09-25,美股个股,US.GE,GE,-49.0,319.65,3318.12
2026-09-25,美股个股,US.GOOG,谷歌,-19.0,338.21,40968.1
2026-09-25,美股个股,US.HD,家得宝,-83.0,292.01,2960.34
2026-09-25,美股个股,US.HSBC,汇丰,-8.0,99.63,3441.99
2026-09-25,美股个股,US.IBM,IBM,-65.0,227.34,2192.91
2026-09-25,美股个股,US.JNJ,强生,28.0,270.36,6486.72
2026-09-25,美股个股,US.JPM,摩根大通,-20.0,338.33,8972.18
2026-09-25,美股个股,US.KO,可口可乐,24.0,88.15,3790.12
2026-09-25,美股个股,US.LIN,林德气体,-32.0,468.14,2165.32
2026-09-25,美股个股,US.LLY,礼来,29.0,1184.48,10834.9
2026-09-25,美股个股,US.MA,万事达,-3.0,563.57,4904.95
2026-09-25,美股个股,US.MCD,麦当劳,-82.0,237.83,1686.45
2026-09-25,美股个股,US.META,META,46.0,776.35,18956.0
2026-09-25,美股个股,US.MRK,默沙东,29.0,148.01,3653.39
2026-09-25,美股个股,US.MSFT,微软,5.0,496.62,37171.5
2026-09-25,美股个股,US.MSTR,MSTR,37.0,160.73,623.21
2026-09-25,美股个股,US.NFLX,奈飞,-76.0,71.63,2971.39
2026-09-25,美股个股,US.NVDA,英伟达,29.0,223.8,54347.9
2026-09-25,美股个股,US.NVO,诺和诺德,-82.0,38.6,1704.29
2026-09-25,美股个股,US.NVS,诺华制药,-32.0,143.2,2712.51
2026-09-25,美股个股,US.ORCL,甲骨文,-73.0,139.578,4371.11
2026-09-25,美股个股,US.PDD,拼多多,-61.0,78.3,1127.33
2026-09-25,美股个股,US.PEP,百事可乐,-75.0,128.336,1776.82
2026-09-25,美股个股,US.PG,宝洁,-21.0,145.91,3423.39
2026-09-25,美股个股,US.PM,菲利普莫里斯,26.0,191.06,2974.46
2026-09-25,美股个股,US.SAP,SAP,-32.0,208.83,2430.98
2026-09-25,美股个股,US.SHEL,壳牌,36.0,95.661,2722.14
2026-09-25,美股个股,US.TM,丰田,-76.0,186.761,2254.21
2026-09-25,美股个股,US.TMO,赛默飞世尔,48.0,678.4,2459.93
2026-09-25,美股个股,US.TSLA,特斯拉,0.0,377.65,15013.0
2026-09-25,美股个股,US.TSM,台积电,41.0,450.46,23161.4
2026-09-25,美股个股,US.UNH,联合健康,-30.0,374.56,3332.68
2026-09-25,美股个股,US.V,VISA,2.0,367.72,6761.71
2026-09-25,美股个股,US.WFC,富国银行,-55.0,82.18,2476.66
2026-09-25,美股个股,US.WMT,沃尔玛,-35.0,107.546,8769.17
2026-09-25,美股个股,US.XOM,美孚,6.0,161.9,6629.64
2026-09-25,美股常规,US.AGG,债券,-79.0,94.93,1376.92
2026-09-25,美股常规,US.ARKK,ARKK,48.0,91.65,97.91
2026-09-25,美股常规,US.DIA,道指,-16.0,512.06,460.59
2026-09-25,美股常规,US.ESPO,电竞,-46.0,97.147,2.58
2026-09-25,美股常规,US.GLD,黄金,-78.0,391.34,1469.56
2026-09-25,美股常规,US.IAI,铲子,-27.0,181.08,13.75
2026-09-25,美股常规,US.IAK,保险,-40.0,137.7,4.39
2026-09-25,美股常规,US.IBIT,比特币,43.0,47.58,683.39
2026-09-25,美股常规,US.ITB,地产,-71.0,88.31,24.42
2026-09-25,美股常规,US.IWM,罗素,-16.0,281.38,776.08
2026-09-25,美股常规,US.KRE,小银行,-20.0,70.87,38.16
2026-09-25,美股常规,US.KWEB,中概,-59.0,24.73,48.42
2026-09-25,美股常规,US.NLR,核能,-75.0,107.01,38.57
2026-09-25,美股常规,US.QQQ,纳指100,32.0,740.121,4986.38
2026-09-25,美股常规,US.SMH,半导体,40.0,600.3,740.03
2026-09-25,美股常规,US.SOXX,半导体,42.0,565.41,492.52
2026-09-25,美股常规,US.SPMO,标普Plus,31.0,152.3,237.78
2026-09-25,美股常规,US.SPY,标普,25.0,766.379,8061.84
2026-09-25,美股常规,US.VDC,可选消费,-35.0,221.35,92.53
2026-09-25,美股常规,US.VIG,红利,-6.0,237.003,1324.09
2026-09-25,美股常规,US.VOX,通讯,38.0,196.04,59.34
2026-09-25,美股常规,US.VTI,全股,25.0,378.0,23437.4
2026-09-25,美股常规,US.VTV,价值,-2.0,220.43,2622.99
2026-09-25,美股常规,US.VUG,成长,31.0,90.4,3845.34
2026-09-25,美股常规,US.XBI,生物科技,-2.0,155.898,109.65
2026-09-25,美股常规,US.XLC,通讯,19.0,113.97,232.32
2026-09-25,美股常规,US.XLE,能源,52.0,62.62,396.54
2026-09-25,美股常规,US.XLF,金融,-21.0,54.52,515.62
2026-09-25,美股常规,US.XLI,工业,-31.0,169.0,304.66
2026-09-25,美股常规,US.XLP,必需消费,-29.0,81.9,138.57
2026-09-25,美股常规,US.XLU,公用事业,-81.0,39.44,212.01
2026-09-25,美股常规,US.XLV,医疗,28.0,170.1,433.19
2026-09-25,美股常规,US.YMAX,期权,88.0,7.81,3.86
2026-09-25,美股杠杆,US.AAPU,两倍苹果,33.0,45.19,1.77
2026-09-25,美股杠杆,US.AGQ,两倍白银,-77.0,75.19,14.55
2026-09-25,美股杠杆,US.AMDL,两倍AMD,43.0,83.93,12.22
2026-09-25,美股杠杆,US.AMZU,两倍亚马逊,-48.0,34.12,2.9
2026-09-25,美股杠杆,US.AVGX,两倍博通,-73.0,37.71,2.28
2026-09-25,美股杠杆,US.BABX,两倍阿里,-54.0,17.25,1.3
2026-09-25,美股杠杆,US.BITX,两倍比特币,25.0,19.94,13.79
2026-09-25,美股杠杆,US.BOIL,两倍天然气,-29.0,23.444,3.94
2026-09-25,美股杠杆,US.BRKU,两倍伯克希尔,-35.0,22.92,0.39
2026-09-25,美股杠杆,US.BRZU,两倍巴西,-3.0,99.0,1.18
2026-09-25,美股杠杆,US.BULZ,三倍科技,44.0,46.0,40.21
2026-09-25,美股杠杆,US.CHAU,两倍沪深,-57.0,20.03,0.99
2026-09-25,美股杠杆,US.CONL,两倍Coin,25.0,6.52,6.35
2026-09-25,美股杠杆,US.CURE,三倍医疗,26.0,132.67,1.73
2026-09-25,美股杠杆,US.CWEB,两倍中概,-60.0,18.71,2.08
2026-09-25,美股杠杆,US.DFEN,三倍军工,-74.0,51.531,3.03
2026-09-25,美股杠杆,US.DPST,三倍小银行,-43.0,115.277,3.11
2026-09-25,美股杠杆,US.ETHU,两倍以太币,28.0,30.377,14.51
2026-09-25,美股杠杆,US.EURL,三倍欧洲,3.0,44.212,0.44
2026-09-25,美股杠杆,US.FAS,三倍金融,-35.0,149.9,19.55
2026-09-25,美股杠杆,US.FBL,两倍Meta,39.0,36.664,2.1
2026-09-25,美股杠杆,US.FNGU,三倍巨无霸,36.0,35.5,28.94
2026-09-25,美股杠杆,US.GDXU,三倍金矿,-85.0,124.76,13.62
2026-09-25,美股杠杆,US.GGLL,两倍谷歌,-40.0,98.4,10.07
2026-09-25,美股杠杆,US.INDL,两倍印度,-82.0,41.03,0.53
2026-09-25,美股杠杆,US.KORU,三倍韩国,-10.0,20.27,15.31
2026-09-25,美股杠杆,US.LABU,三倍生科,-13.0,257.0,6.42
2026-09-25,美股杠杆,US.MSFU,两倍微软,-26.0,36.95,5.09
2026-09-25,美股杠杆,US.MSTU,两倍MSTR,32.0,43.945,8.4
2026-09-25,美股杠杆,US.NAIL,三倍地产,-73.0,29.56,5.95
2026-09-25,美股杠杆,US.NVDL,两倍英伟达,15.0,35.35,38.28
2026-09-25,美股杠杆,US.OILU,三倍油气,35.0,49.0,0.7
2026-09-25,美股杠杆,US.PTIR,两倍PLTR,11.0,22.132,3.54
2026-09-25,美股杠杆,US.QLD,两倍纳指,32.0,95.85,153.61
2026-09-25,美股杠杆,US.RETL,三倍零售,-75.0,7.18,0.27
2026-09-25,美股杠杆,US.SMCX,两倍SMCI,-14.0,14.06,1.65
2026-09-25,美股杠杆,US.SOXL,三倍半导体,3.0,145.445,258.44
2026-09-25,美股杠杆,US.SPXL,三倍标普,23.0,286.09,73.99
2026-09-25,美股杠杆,US.SPYU,四倍标普,21.0,34.458,5.72
2026-09-25,美股杠杆,US.SSO,两倍标普,24.0,70.103,86.96
2026-09-25,美股杠杆,US.TECL,三倍科技,34.0,228.75,66.9
2026-09-25,美股杠杆,US.TMF,三倍美债,-83.0,27.42,21.51
2026-09-25,美股杠杆,US.TNA,三倍小盘,-33.0,60.0,12.82
2026-09-25,美股杠杆,US.TQQQ,三倍纳指,30.0,78.29,401.74
2026-09-25,美股杠杆,US.TSLL,两倍特斯拉,-19.0,10.245,40.56
2026-09-25,美股杠杆,US.TSMX,两倍台积电,38.0,88.262,6.08
2026-09-25,美股杠杆,US.UCO,两倍原油,89.0,52.85,4.23
2026-09-25,美股杠杆,US.UDOW,三倍道指,-32.0,64.429,8.85
2026-09-25,美股杠杆,US.UGL,两倍黄金,-78.0,48.4,8.35
2026-09-25,美股杠杆,US.UPRO,三倍标普,23.0,149.58,56.83
2026-09-25,美股杠杆,US.USD,两倍半导体,28.0,94.32,30.12
2026-09-25,美股杠杆,US.UTSL,三倍公用,-82.0,29.4,0.44
2026-09-25,美股杠杆,US.WEBL,三倍互联,28.0,29.7,0.93
2026-09-25,美股杠杆,US.YINN,三倍中国,-59.0,25.56,6.1
2026-09-26,A股ETF,SH.510050,上证50,-51.0,2.959,189.15
2026-09-26,A股ETF,SH.510210,上证指数,-17.0,1.001,85.07
2026-09-26,A股ETF,SH.510300,沪深300,-58.0,4.515,854.01
2026-09-26,A股ETF,SH.510500,中证500,-33.0,7.65,317.37
2026-09-26,A股ETF,SH.510880,A股红利,9.0,3.357,256.95
2026-09-26,A股ETF,SH.511380,可转债,-86.0,13.123,567.03
2026-09-26,A股ETF,SH.512010,医药,-27.0,0.375,184.15
2026-09-26,A股ETF,SH.512100,中证1000,-27.0,3.079,94.75
2026-09-26,A股ETF,SH.512170,医疗,4.0,0.341,285.35
2026-09-26,A股ETF,SH.512480,半导体,-5.0,1.023,86.92
2026-09-26,A股ETF,SH.512660,军工,-48.0,1.129,59.5
2026-09-26,A股ETF,SH.512690,酒,-60.0,0.408,140.55
2026-09-26,A股ETF,SH.512800,银行,20.0,0.839,121.01
2026-09-26,A股ETF,SH.512880,证券,-56.0,1.046,552.16
2026-09-26,A股ETF,SH.513000,日本,20.0,2.263,22.21
2026-09-26,A股ETF,SH.513030,德国,-48.0,1.796,18.23
2026-09-26,A股ETF,SH.513050,中概互联网,-57.0,1.025,343.93
2026-09-26,A股ETF,SH.513060,恒生医疗,1.0,0.578,64.94
2026-09-26,A股ETF,SH.513080,法国,-85.0,1.713,10.88
2026-09-26,A股ETF,SH.513120,香港创新药,21.0,1.314,297.08
2026-09-26,A股ETF,SH.513130,恒生科技,-61.0,0.539,351.93
2026-09-26,A股ETF,SH.513290,纳指生物科技,4.0,1.759,16.63
2026-09-26,A股ETF,SH.513330,恒生互联网,-62.0,0.347,251.36
2026-09-26,A股ETF,SH.513400,道琼斯,-14.0,1.296,29.58
2026-09-26,A股ETF,SH.513500,标普500,26.0,2.684,266.57
2026-09-26,A股ETF,SH.513630,港股红利,-30.0,1.556,118.12
2026-09-26,A股ETF,SH.513730,东南亚科技,-84.0,1.088,10.99
2026-09-26,A股ETF,SH.513850,美国50,29.0,1.863,19.82
2026-09-26,A股ETF,SH.515030,新能源车,-63.0,1.472,24.43
2026-09-26,A股ETF,SH.515050,5G通信,-11.0,1.038,185.96
2026-09-26,A股ETF,SH.515230,软件,-58.0,0.668,46.67
2026-09-26,A股ETF,SH.515790,光伏,-57.0,0.792,53.55
2026-09-26,A股ETF,SH.515800,中证800,-50.0,1.247,37.68
2026-09-26,A股ETF,SH.518880,黄金,-79.0,8.788,904.87
2026-09-26,A股ETF,SH.520830,沙特,-76.0,0.876,11.29
2026-09-26,A股ETF,SH.520870,巴西,16.0,1.14,6.23
2026-09-26,A股ETF,SH.562500,机器人,-58.0,0.919,139.79
2026-09-26,A股ETF,SH.563300,中证2000,26.0,1.466,31.02
2026-09-26,A股ETF,SH.588000,科创板,-12.0,1.713,511.02
2026-09-26,A股ETF,SZ.159502,标普生物科技,0.0,1.585,18.07
2026-09-26,A股ETF,SZ.159509,纳指科技,50.0,3.073,205.42
2026-09-26,A股ETF,SZ.159518,标普油气,-5.0,1.246,20.8
2026-09-26,A股ETF,SZ.159529,标普消费,-61.0,1.26,10.23
2026-09-26,A股ETF,SZ.159687,亚太精选,9.0,1.858,31.09
2026-09-26,A股ETF,SZ.159819,人工智能,0.0,1.762,209.21
2026-09-26,A股ETF,SZ.159865,养殖,-58.0,0.522,64.15
2026-09-26,A股ETF,SZ.159869,游戏,-59.0,1.06,84.73
2026-09-26,A股ETF,SZ.159915,创业板,-50.0,3.312,219.56
2026-09-26,A股ETF,SZ.159920,恒生,-45.0,1.453,82.41
2026-09-26,A股ETF,SZ.159928,消费,-60.0,0.646,147.82
2026-09-26,A股ETF,SZ.159941,纳指100,34.0,1.707,391.48
2026-09-26,A股ETF,SZ.159992,创新药,-17.0,0.841,159.9
2026-09-26,A股ETF,SZ.159995,芯片,-12.0,1.132,273.73
2026-09-26,A股ETF,SZ.164824,印度,-83.0,1.25,21.85
2026-09-26,A股个股,SH.600000,浦发银行,-54.0,9.0,2997.53
2026-09-26,A股个股,SH.600028,中国石化,-48.0,5.32,6422.01
2026-09-26,A股个股,SH.600030,中信证券,-41.0,26.29,4107.62
2026-09-26,A股个股,SH.600036,招商银行,19.0,40.69,10262.0
2026-09-26,A股个股,SH.600276,恒瑞医药,-53.0,44.86,2977.45
2026-09-26,A股个股,SH.600519,贵州茅台,-62.0,1237.0,15463.5
2026-09-26,A股个股,SH.600690,海尔智家,-62.0,20.14,1873.64
2026-09-26,A股个股,SH.600900,长江电力,33.0,28.36,6939.19
2026-09-26,A股个股,SH.600938,中国海油,-28.0,32.8,15589.8
2026-09-26,A股个股,SH.600941,中国移动,-12.0,97.45,21137.8
2026-09-26,A股个股,SH.601088,中国神华,42.0,48.03,10417.4
2026-09-26,A股个股,SH.601138,工业富联,-40.0,61.0,12104.9
2026-09-26,A股个股,SH.601166,兴业银行,-41.0,17.88,3783.92
2026-09-26,A股个股,SH.601211,国泰海通,-42.0,17.21,3025.7
2026-09-26,A股个股,SH.601288,农业银行,-23.0,6.87,24043.8
2026-09-26,A股个股,SH.601318,中国平安,-48.0,53.25,9642.32
2026-09-26,A股个股,SH.601319,中国人保,14.0,8.07,3568.88
2026-09-26,A股个股,SH.601328,交通银行,49.0,7.56,6680.3
2026-09-26,A股个股,SH.601398,工商银行,44.0,8.13,28975.8
2026-09-26,A股个股,SH.601601,中国太保,-59.0,30.88,2970.76
2026-09-26,A股个股,SH.601628,中国人寿,-46.0,37.43,10579.5
2026-09-26,A股个股,SH.601658,邮储银行,-10.0,5.33,6401.07
2026-09-26,A股个股,SH.601668,中国建筑,-60.0,4.26,1760.25
2026-09-26,A股个股,SH.601728,中国电信,-12.0,6.16,5636.84
2026-09-26,A股个股,SH.601816,京沪高铁,-46.0,4.69,2294.61
2026-09-26,A股个股,SH.601818,光大银行,-48.0,3.0,1772.57
2026-09-26,A股个股,SH.601857,中国石油,23.0,10.95,20040.8
2026-09-26,A股个股,SH.601899,紫金矿业,-60.0,30.01,7979.87
2026-09-26,A股个股,SH.601919,中远海控,13.0,16.3,2488.7
2026-09-26,A股个股,SH.601939,建设银行,44.0,10.98,28723.7
2026-09-26,A股个股,SH.601988,中国银行,47.0,6.62,21330.5
2026-09-26,A股个股,SH.601998,中信银行,48.0,9.01,5013.63
2026-09-26,A股个股,SH.603288,海天味业,-55.0,33.93,1985.26
2026-09-26,A股个股,SH.688041,海光信息,-23.0,248.3,5771.33
2026-09-26,A股个股,SH.688235,百济神州-U,-28.0,258.0,3979.1
2026-09-26,A股个股,SH.688256,寒武纪-U,1.0,1091.48,6863.82
2026-09-26,A股个股,SH.688981,中芯国际,-42.0,119.98,10273.0
2026-09-26,A股个股,SZ.000001,平安银行,13.0,11.3,2192.87
2026-09-26,A股个股,SZ.000333,美的集团,0.0,82.65,6306.06
2026-09-26,A股个股,SZ.000651,格力电器,6.0,38.5,2156.54
2026-09-26,A股个股,SZ.000858,五粮液,-59.0,69.67,2704.32
2026-09-26,A股个股,SZ.002352,顺丰控股,-58.0,30.54,1559.11
2026-09-26,A股个股,SZ.002371,北方华创,-28.0,653.06,4739.19
2026-09-26,A股个股,SZ.002415,海康威视,-38.0,32.63,2990.5
2026-09-26,A股个股,SZ.002475,立讯精密,-64.0,52.0,4024.95
2026-09-26,A股个股,SZ.002594,比亚迪,-58.0,84.34,7689.44
2026-09-26,A股个股,SZ.002714,牧原股份,-35.0,40.48,2336.91
2026-09-26,A股个股,SZ.300059,东方财富,-61.0,18.28,2892.3
2026-09-26,A股个股,SZ.300750,宁德时代,-73.0,293.5,13581.0
2026-09-26,A股个股,SZ.300760,迈瑞医疗,-59.0,153.86,1864.47
2026-09-26,全球ETF,HK.02830,沙特,-33.0,78.3,89.21
2026-09-26,全球ETF,HK.03004,越南,7.0,9.58,0.28
2026-09-26,全球ETF,HK.03121,韩国,79.0,6.785,7.15
2026-09-26,全球ETF,SH.520830,沙特,-76.0,0.876,11.29
2026-09-26,全球ETF,SH.520870,巴西,16.0,1.14,6.23
2026-09-26,全球ETF,US.ARGT,阿根廷,-2.0,88.6,7.64
2026-09-26,全球ETF,US.ECH,智利,-17.0,39.04,9.92
2026-09-26,全球ETF,US.EEM,新兴市场,77.0,67.98,316.77
2026-09-26,全球ETF,US.EFA,欧澳远东,46.0,105.56,774.35
2026-09-26,全球ETF,US.EPI,印度,-65.0,41.8,19.1
2026-09-26,全球ETF,US.EWA,澳大利亚,27.0,28.43,12.17
2026-09-26,全球ETF,US.EWC,加拿大,44.0,59.56,70.62
2026-09-26,全球ETF,US.EWG,德国,14.0,42.0,15.43
2026-09-26,全球ETF,US.EWH,香港,-13.0,22.26,11.4
2026-09-26,全球ETF,US.EWI,意大利,43.0,60.4,11.09
2026-09-26,全球ETF,US.EWJ,日本,77.0,97.99,232.31
2026-09-26,全球ETF,US.EWL,瑞士,16.0,60.66,24.39
2026-09-26,全球ETF,US.EWM,马来西亚,13.0,27.82,2.92
2026-09-26,全球ETF,US.EWP,西班牙,40.0,60.02,22.21
2026-09-26,全球ETF,US.EWQ,法国,-36.0,43.85,3.58
2026-09-26,全球ETF,US.EWS,新加坡,51.0,33.608,13.53
2026-09-26,全球ETF,US.EWT,台湾,91.0,115.3,124.03
2026-09-26,全球ETF,US.EWU,英国,46.0,47.32,36.42
2026-09-26,全球ETF,US.EWW,墨西哥,7.0,73.34,16.23
2026-09-26,全球ETF,US.EWY,韩国,83.0,187.0,267.69
2026-09-26,全球ETF,US.EWZ,巴西,37.0,36.8,86.3
2026-09-26,全球ETF,US.EZA,南非,-46.0,66.15,4.99
2026-09-26,全球ETF,US.FXI,中国,-55.0,33.96,41.09
2026-09-26,全球ETF,US.IEV,欧洲,42.0,72.68,16.13
2026-09-26,我的自选,US.CONL,两倍Coin,20.0,6.282,6.11
2026-09-26,我的自选,US.GDXU,三倍金矿,-81.0,127.35,11.74
2026-09-26,我的自选,US.YINN,三倍中国,-61.0,25.022,5.75
2026-09-26,港股个股,HK.00005,汇丰,5.0,157.6,27022.6
2026-09-26,港股个股,HK.00016,新鸿基,-56.0,107.0,3103.52
2026-09-26,港股个股,HK.00267,中信股份,15.0,12.94,3764.28
2026-09-26,港股个股,HK.00300,美的,8.0,95.4,7274.43
2026-09-26,港股个股,HK.00386,中石化,-35.0,4.415,5341.62
2026-09-26,港股个股,HK.00388,港交所,-38.0,388.8,4924.28
2026-09-26,港股个股,HK.00700,腾讯,-31.0,437.0,39709.4
2026-09-26,港股个股,HK.00728,中国电信,-55.0,4.395,4017.16
2026-09-26,港股个股,HK.00762,中国联通,-57.0,5.58,1707.38
2026-09-26,港股个股,HK.00788,中国铁塔,-54.0,8.85,1562.08
2026-09-26,港股个股,HK.00857,中国石油,-11.0,9.41,17222.3
2026-09-26,港股个股,HK.00883,中国海油,-18.0,23.38,11122.0
2026-09-26,港股个股,HK.00939,建设银行,20.0,9.51,24943.6
2026-09-26,港股个股,HK.00941,中国移动,-8.0,78.5,17016.5
2026-09-26,港股个股,HK.00981,中芯国际,-48.0,63.55,5424.19
2026-09-26,港股个股,HK.00998,中信银行,22.0,8.41,4674.19
2026-09-26,港股个股,HK.01024,快手,-70.0,30.08,1292.1
2026-09-26,港股个股,HK.01088,中国神华,-2.0,43.8,9491.3
2026-09-26,港股个股,HK.01109,华润置地,-57.0,28.64,2042.3
2026-09-26,港股个股,HK.01211,比亚迪,-66.0,78.0,7120.53
2026-09-26,港股个股,HK.01288,农业银行,46.0,6.505,22801.4
2026-09-26,港股个股,HK.01299,友邦,-46.0,73.65,7630.65
2026-09-26,港股个股,HK.01398,工商银行,17.0,7.505,26783.9
2026-09-26,港股个股,HK.01658,邮储银行,18.0,5.325,6395.06
2026-09-26,港股个股,HK.01810,小米,-55.0,25.96,6671.88
2026-09-26,港股个股,HK.02015,理想,-62.0,45.24,893.02
2026-09-26,港股个股,HK.02020,安踏体育,-56.0,71.2,1991.22
2026-09-26,港股个股,HK.02318,中国平安,-55.0,52.85,9542.73
2026-09-26,港股个股,HK.02328,中国财险,-12.0,16.45,3658.93
2026-09-26,港股个股,HK.02378,保诚,-67.0,99.0,2456.94
2026-09-26,港股个股,HK.02388,中银香港,14.0,51.1,5407.98
2026-09-26,港股个股,HK.02423,贝壳,-32.0,42.84,1424.49
2026-09-26,港股个股,HK.02601,中国太保,-55.0,28.44,2732.18
2026-09-26,港股个股,HK.02628,中国人寿,-17.0,28.52,8078.05
2026-09-26,港股个股,HK.02888,渣打集团,17.0,238.6,5183.32
2026-09-26,港股个股,HK.02899,紫金矿业,-57.0,32.46,8641.98
2026-09-26,港股个股,HK.03328,交通银行,49.0,8.195,7241.41
2026-09-26,港股个股,HK.03690,美团,-71.0,71.65,4424.73
2026-09-26,港股个股,HK.03968,招商银行,8.0,50.35,12736.0
2026-09-26,港股个股,HK.03988,中国银行,23.0,5.98,19268.3
2026-09-26,港股个股,HK.06030,中信证券,-65.0,24.32,3799.82
2026-09-26,港股个股,HK.06160,百济神州,39.0,216.0,3337.51
2026-09-26,港股个股,HK.06690,海尔,-61.0,19.8,1839.22
2026-09-26,港股个股,HK.09618,京东,-64.0,103.7,2787.46
2026-09-26,港股个股,HK.09633,农夫山泉,-64.0,38.4,4318.64
2026-09-26,港股个股,HK.09888,百度,-70.0,85.45,2320.11
2026-09-26,港股个股,HK.09961,携程,-64.0,309.8,1947.05
2026-09-26,港股个股,HK.09988,阿里巴巴,-51.0,108.4,21555.3
2026-09-26,港股个股,HK.09999,网易,-61.0,180.9,5791.06
2026-09-26,港股常规,HK.02802,国指备兑,-50.0,6.9,96.38
2026-09-26,港股常规,HK.02822,A50,-51.0,14.97,69.28
2026-09-26,港股常规,HK.02830,沙特,-33.0,78.3,89.21
2026-09-26,港股常规,HK.03003,A50,-24.0,7.185,0.68
2026-09-26,港股常规,HK.03004,越南,7.0,9.58,0.28
2026-09-26,港股常规,HK.03005,中证500,-17.0,25.54,0.41
2026-09-26,港股常规,HK.03030,黄金,-52.0,6.46,50.27
2026-09-26,港股常规,HK.03033,恒科,-62.0,4.228,614.97
2026-09-26,港股常规,HK.03034,纳指100,34.0,13.02,0.32
2026-09-26,港股常规,HK.03037,恒生,-36.0,25.12,6.28
2026-09-26,港股常规,HK.03066,比特币,37.0,26.32,3.02
2026-09-26,港股常规,HK.03068,以太币,40.0,11.57,1.25
2026-09-26,港股常规,HK.03109,科创板,-33.0,15.73,6.26
2026-09-26,港股常规,HK.03121,韩国,79.0,6.785,7.15
2026-09-26,港股常规,HK.03133,沪深300,-38.0,11.36,5.79
2026-09-26,港股常规,HK.03134,太阳能,-56.0,4.648,0.37
2026-09-26,港股常规,HK.03147,创业板,-44.0,13.4,5.77
2026-09-26,港股常规,HK.03153,日经,72.0,134.25,12.01
2026-09-26,港股常规,HK.03167,新经济,-61.0,56.6,3.83
2026-09-26,港股常规,HK.03174,生物科技,33.0,3.838,9.76
2026-09-26,港股常规,HK.03193,5G,-6.0,17.86,0.11
2026-09-26,港股常规,HK.03199,中债,56.0,121.65,54.65
2026-09-26,港股常规,HK.03431,港韩科技,14.0,10.37,12.69
2026-09-26,港股常规,HK.03432,港股精选,-18.0,105.25,107.65
2026-09-26,港股常规,HK.03433,美债,-81.0,62.52,14.14
2026-09-26,港股常规,HK.03441,东西精选,75.0,13.45,21.25
2026-09-26,港股常规,HK.03442,港美科技,-50.0,7.86,7.04
2026-09-26,港股常规,HK.03443,港股,-47.0,8.89,183.79
2026-09-26,港股常规,HK.03454,美股七巨头,42.0,12.03,1.22
2026-09-26,港股常规,HK.03469,红利,-19.0,8.045,5.35
2026-09-26,港股常规,HK.03537,韩国备兑,83.0,9.95,2.0
2026-09-26,港股杠杆,HK.07200,两倍恒生,-49.0,5.31,14.74
2026-09-26,港股杠杆,HK.07226,两倍恒科,-63.0,2.818,114.02
2026-09-26,港股杠杆,HK.07233,两倍沪深,-59.0,4.352,2.92
2026-09-26,港股杠杆,HK.07234,两倍创业,-57.0,8.09,1.53
2026-09-26,港股杠杆,HK.07262,两倍日经,56.0,183.9,0.63
2026-09-26,港股杠杆,HK.07266,两倍纳指,32.0,42.92,2.06
2026-09-26,港股杠杆,HK.07288,两倍国企,-58.0,2.732,2.17
2026-09-26,港股杠杆,HK.07299,两倍黄金,-78.0,22.72,15.38
2026-09-26,港股杠杆,HK.07709,两倍海力士,22.0,42.64,371.62
2026-09-26,港股杠杆,HK.07711,两倍COIN,23.0,28.46,0.38
2026-09-26,港股杠杆,HK.07747,两倍三星,31.0,83.0,87.49
2026-09-26,港股杠杆,HK.07766,两倍特斯拉,-17.0,90.66,0.76
2026-09-26,港股杠杆,HK.07777,两倍伯克希尔,-39.0,56.0,0.22
2026-09-26,港股杠杆,HK.07788,两倍英伟达,17.0,176.7,0.61
2026-09-26,港股杠杆,HK.07799,两倍MSTR,32.0,5.185,0.75
2026-09-26,港股通,HK.03033,恒科,-62.0,4.228,614.97
2026-09-26,港股通,HK.03037,恒生,-36.0,25.12,6.28
2026-09-26,港股通,HK.03167,新经济,-61.0,56.6,3.83
2026-09-26,港股通,HK.03174,生物科技,33.0,3.838,9.76
2026-09-26,港股通,HK.03431,港韩科技,14.0,10.37,12.69
2026-09-26,港股通,HK.03432,港股精选,-18.0,105.25,107.65
2026-09-26,港股通,HK.03441,东西精选,75.0,13.45,21.25
2026-09-26,港股通,HK.03442,港美科技,-50.0,7.86,7.04
2026-09-26,港股通,HK.03443,港股,-47.0,8.89,183.79
2026-09-26,港股通,HK.03469,红利,-19.0,8.045,5.35
2026-09-26,美股个股,US.AAPL,苹果,39.0,341.12,49024.8
2026-09-26,美股个股,US.ABBV,艾伯维,34.0,264.34,4684.98
2026-09-26,美股个股,US.ABT,雅培,-52.0,101.29,1748.9
2026-09-26,美股个股,US.ACN,埃森哲,-54.0,176.19,1085.65
2026-09-26,美股个股,US.AMZN,亚马逊,-26.0,250.104,26898.9
2026-09-26,美股个股,US.ASML,阿斯麦,79.0,1743.0,6616.12
2026-09-26,美股个股,US.AVGO,博通,-60.0,353.8,16724.9
2026-09-26,美股个股,US.AZN,阿斯利康,-23.0,165.0,2552.15
2026-09-26,美股个股,US.BABA,阿里,-55.0,109.872,2749.85
2026-09-26,美股个股,US.BAC,美国银行,-35.0,56.728,3918.04
2026-09-26,美股个股,US.BRK.B,伯克希尔,-23.0,505.5,10814.4
2026-09-26,美股个股,US.COST,好市多,-30.0,921.21,3975.7
2026-09-26,美股个股,US.CRM,赛富时,-10.0,234.3,1960.55
2026-09-26,美股个股,US.CSCO,思科,-23.0,106.81,4217.39
2026-09-26,美股个股,US.CVX,雪佛龙,4.0,204.5,4063.17
2026-09-26,美股个股,US.GE,GE,-11.0,327.46,3317.92
2026-09-26,美股个股,US.GOOG,谷歌,8.0,341.5,41460.9
2026-09-26,美股个股,US.HD,家得宝,-79.0,293.485,2915.05
2026-09-26,美股个股,US.HSBC,汇丰,-4.0,101.26,3439.24
2026-09-26,美股个股,US.IBM,IBM,-66.0,225.774,2139.21
2026-09-26,美股个股,US.JNJ,强生,29.0,270.81,6523.11
2026-09-26,美股个股,US.JPM,摩根大通,-10.0,343.1,8999.56
2026-09-26,美股个股,US.KO,可口可乐,4.0,87.65,3790.55
2026-09-26,美股个股,US.LIN,林德气体,-27.0,469.89,2158.03
2026-09-26,美股个股,US.LLY,礼来,30.0,1183.8,11125.8
2026-09-26,美股个股,US.MA,万事达,1.0,567.72,4958.92
2026-09-26,美股个股,US.MCD,麦当劳,-82.0,236.785,1677.25
2026-09-26,美股个股,US.META,META,47.0,750.3,19809.2
2026-09-26,美股个股,US.MRK,默沙东,30.0,148.0,3650.92
2026-09-26,美股个股,US.MSFT,微软,39.0,518.131,36974.0
2026-09-26,美股个股,US.MSTR,MSTR,35.0,158.729,620.95
2026-09-26,美股个股,US.NFLX,奈飞,-75.0,71.21,2986.38
2026-09-26,美股个股,US.NVDA,英伟达,31.0,225.082,54123.8
2026-09-26,美股个股,US.NVO,诺和诺德,-81.0,38.791,1724.38
2026-09-26,美股个股,US.NVS,诺华制药,-19.0,145.5,2728.86
2026-09-26,美股个股,US.ORCL,甲骨文,-73.0,137.28,4219.32
2026-09-26,美股个股,US.PDD,拼多多,-63.0,77.57,1113.1
2026-09-26,美股个股,US.PEP,百事可乐,-73.0,128.68,1749.11
2026-09-26,美股个股,US.PG,宝洁,-18.0,146.198,3383.67
2026-09-26,美股个股,US.PM,菲利普莫里斯,27.0,190.48,2984.74
2026-09-26,美股个股,US.SAP,SAP,-27.0,211.0,2413.55
2026-09-26,美股个股,US.SHEL,壳牌,37.0,96.13,2727.56
2026-09-26,美股个股,US.TM,丰田,-61.0,189.76,2211.11
2026-09-26,美股个股,US.TMO,赛默飞世尔,48.0,675.0,2508.33
2026-09-26,美股个股,US.TSLA,特斯拉,-8.0,372.629,14926.9
2026-09-26,美股个股,US.TSM,台积电,41.0,451.189,23398.9
2026-09-26,美股个股,US.UNH,联合健康,-26.0,376.84,3366.07
2026-09-26,美股个股,US.V,VISA,2.0,367.38,6882.53
2026-09-26,美股个股,US.WFC,富国银行,-48.0,82.725,2485.12
2026-09-26,美股个股,US.WMT,沃尔玛,-33.0,107.96,8535.92
2026-09-26,美股个股,US.XOM,美孚,4.0,160.6,6667.05
2026-09-26,美股常规,US.AGG,债券,-78.0,95.138,1365.43
2026-09-26,美股常规,US.ARKK,ARKK,44.0,90.47,96.94
2026-09-26,美股常规,US.DIA,道指,-6.0,517.921,452.06
2026-09-26,美股常规,US.ESPO,电竞,-51.0,96.32,2.55
2026-09-26,美股常规,US.GLD,黄金,-72.0,392.99,1455.41
2026-09-26,美股常规,US.IAI,铲子,-26.0,180.88,13.7
2026-09-26,美股常规,US.IAK,保险,-36.0,138.1,4.36
2026-09-26,美股常规,US.IBIT,比特币,43.0,47.571,670.81
2026-09-26,美股常规,US.ITB,地产,-66.0,89.43,24.15
2026-09-26,美股常规,US.IWM,罗素,-12.0,282.23,776.01
2026-09-26,美股常规,US.KRE,小银行,-14.0,71.55,36.59
2026-09-26,美股常规,US.KWEB,中概,-60.0,24.6,47.77
2026-09-26,美股常规,US.NLR,核能,-74.0,106.0,37.54
2026-09-26,美股常规,US.QQQ,纳指100,35.0,745.55,4972.08
2026-09-26,美股常规,US.SMH,半导体,44.0,607.96,741.86
2026-09-26,美股常规,US.SOXX,半导体,43.0,573.2,498.99
2026-09-26,美股常规,US.SPMO,标普Plus,33.0,153.13,232.43
2026-09-26,美股常规,US.SPY,标普,28.0,772.335,8039.43
2026-09-26,美股常规,US.VDC,可选消费,-30.0,222.27,92.53
2026-09-26,美股常规,US.VIG,红利,-2.0,238.32,1324.09
2026-09-26,美股常规,US.VOX,通讯,36.0,194.15,59.34
2026-09-26,美股常规,US.VTI,全股,28.0,380.44,23437.4
2026-09-26,美股常规,US.VTV,价值,0.0,221.44,2622.99
2026-09-26,美股常规,US.VUG,成长,34.0,91.1,3845.35
2026-09-26,美股常规,US.XBI,生物科技,-2.0,155.44,110.33
2026-09-26,美股常规,US.XLC,通讯,16.0,113.62,230.22
2026-09-26,美股常规,US.XLE,能源,48.0,61.92,402.05
2026-09-26,美股常规,US.XLF,金融,-15.0,54.89,516.1
2026-09-26,美股常规,US.XLI,工业,-23.0,170.7,303.74
2026-09-26,美股常规,US.XLP,必需消费,-25.0,82.06,139.77
2026-09-26,美股常规,US.XLU,公用事业,-78.0,39.578,209.35
2026-09-26,美股常规,US.XLV,医疗,30.0,170.55,432.72
2026-09-26,美股常规,US.YMAX,期权,86.0,7.79,3.79
2026-09-26,美股杠杆,US.AAPU,两倍苹果,38.0,46.34,1.71
2026-09-26,美股杠杆,US.AGQ,两倍白银,-75.0,76.38,13.83
2026-09-26,美股杠杆,US.AMDL,两倍AMD,45.0,84.48,12.03
2026-09-26,美股杠杆,US.AMZU,两倍亚马逊,-43.0,34.4,2.89
2026-09-26,美股杠杆,US.AVGX,两倍博通,-70.0,38.26,2.27
2026-09-26,美股杠杆,US.BABX,两倍阿里,-56.0,16.97,1.17
2026-09-26,美股杠杆,US.BITX,两倍比特币,25.0,19.81,13.39
2026-09-26,美股杠杆,US.BOIL,两倍天然气,-33.0,22.76,3.79
2026-09-26,美股杠杆,US.BRKU,两倍伯克希尔,-38.0,22.746,0.4
2026-09-26,美股杠杆,US.BRZU,两倍巴西,-9.0,98.21,1.13
2026-09-26,美股杠杆,US.BULZ,三倍科技,43.0,45.65,38.76
2026-09-26,美股杠杆,US.CHAU,两倍沪深,-58.0,19.87,0.95
2026-09-26,美股杠杆,US.CONL,两倍Coin,20.0,6.282,6.11
2026-09-26,美股杠杆,US.CURE,三倍医疗,30.0,136.91,1.69
2026-09-26,美股杠杆,US.CWEB,两倍中概,-61.0,18.46,1.97
2026-09-26,美股杠杆,US.DFEN,三倍军工,-71.0,52.23,3.02
2026-09-26,美股杠杆,US.DPST,三倍小银行,-31.0,120.5,3.11
2026-09-26,美股杠杆,US.ETHU,两倍以太币,27.0,30.489,13.8
2026-09-26,美股杠杆,US.EURL,三倍欧洲,15.0,45.06,0.42
2026-09-26,美股杠杆,US.FAS,三倍金融,-28.0,152.4,19.74
2026-09-26,美股杠杆,US.FBL,两倍Meta,30.0,34.2,2.05
2026-09-26,美股杠杆,US.FNGU,三倍巨无霸,37.0,35.715,28.14
2026-09-26,美股杠杆,US.GDXU,三倍金矿,-81.0,127.35,11.74
2026-09-26,美股杠杆,US.GGLL,两倍谷歌,-15.0,99.65,9.33
2026-09-26,美股杠杆,US.INDL,两倍印度,-81.0,41.64,0.52
2026-09-26,美股杠杆,US.KORU,三倍韩国,21.0,21.59,13.58
2026-09-26,美股杠杆,US.LABU,三倍生科,-15.0,253.5,5.82
2026-09-26,美股杠杆,US.MSFU,两倍微软,17.0,40.12,5.12
2026-09-26,美股杠杆,US.MSTU,两倍MSTR,32.0,42.85,8.42
2026-09-26,美股杠杆,US.NAIL,三倍地产,-69.0,30.6,5.51
2026-09-26,美股杠杆,US.NVDL,两倍英伟达,18.0,35.68,37.09
2026-09-26,美股杠杆,US.OILU,三倍油气,22.0,47.17,0.72
2026-09-26,美股杠杆,US.PTIR,两倍PLTR,8.0,21.65,3.75
2026-09-26,美股杠杆,US.QLD,两倍纳指,35.0,97.21,151.22
2026-09-26,美股杠杆,US.RETL,三倍零售,-72.0,7.25,0.26
2026-09-26,美股杠杆,US.SMCX,两倍SMCI,-9.0,15.31,1.7
2026-09-26,美股杠杆,US.SOXL,三倍半导体,6.0,151.75,243.28
2026-09-26,美股杠杆,US.SPXL,三倍标普,25.0,292.0,72.15
2026-09-26,美股杠杆,US.SPYU,四倍标普,24.0,35.25,5.54
2026-09-26,美股杠杆,US.SSO,两倍标普,27.0,71.14,85.47
2026-09-26,美股杠杆,US.TECL,三倍科技,37.0,234.5,65.9
2026-09-26,美股杠杆,US.TMF,三倍美债,-83.0,27.26,20.37
2026-09-26,美股杠杆,US.TNA,三倍小盘,-28.0,60.54,12.25
2026-09-26,美股杠杆,US.TQQQ,三倍纳指,32.0,79.85,386.08
2026-09-26,美股杠杆,US.TSLL,两倍特斯拉,-23.0,9.97,40.47
2026-09-26,美股杠杆,US.TSMX,两倍台积电,40.0,88.735,5.89
2026-09-26,美股杠杆,US.UCO,两倍原油,86.0,52.15,4.17
2026-09-26,美股杠杆,US.UDOW,三倍道指,-21.0,66.465,8.71
2026-09-26,美股杠杆,US.UGL,两倍黄金,-77.0,48.58,7.98
2026-09-26,美股杠杆,US.UPRO,三倍标普,26.0,152.78,55.43
2026-09-26,美股杠杆,US.USD,两倍半导体,33.0,95.432,29.19
2026-09-26,美股杠杆,US.UTSL,三倍公用,-79.0,29.5,0.42
2026-09-26,美股杠杆,US.WEBL,三倍互联,27.0,29.28,0.9
2026-09-26,美股杠杆,US.YINN,三倍中国,-61.0,25.022,5.75
2026-09-29,A股ETF,SH.510050,上证50,-71.0,2.922,189.15
2026-09-29,A股ETF,SH.510210,上证指数,-53.0,0.984,85.07
2026-09-29,A股ETF,SH.510300,沪深300,-80.0,4.417,854.01
2026-09-29,A股ETF,SH.510500,中证500,-67.0,7.44,317.37
2026-09-29,A股ETF,SH.510880,A股红利,-10.0,3.342,256.95
2026-09-29,A股ETF,SH.511380,可转债,-88.0,13.038,567.03
2026-09-29,A股ETF,SH.512010,医药,-40.0,0.376,184.15
2026-09-29,A股ETF,SH.512100,中证1000,-66.0,2.968,94.75
2026-09-29,A股ETF,SH.512170,医疗,-14.0,0.34,285.35
2026-09-29,A股ETF,SH.512480,半导体,-57.0,0.98,86.92
2026-09-29,A股ETF,SH.512660,军工,-70.0,1.098,59.5
2026-09-29,A股ETF,SH.512690,酒,-76.0,0.406,140.55
2026-09-29,A股ETF,SH.512800,银行,3.0,0.835,121.01
2026-09-29,A股ETF,SH.512880,证券,-76.0,1.025,552.16
2026-09-29,A股ETF,SH.513000,日本,15.0,2.26,22.21
2026-09-29,A股ETF,SH.513030,德国,-53.0,1.792,18.23
2026-09-29,A股ETF,SH.513050,中概互联网,-73.0,1.018,343.93
2026-09-29,A股ETF,SH.513060,恒生医疗,-17.0,0.577,64.94
2026-09-29,A股ETF,SH.513080,法国,-88.0,1.695,10.88
2026-09-29,A股ETF,SH.513120,香港创新药,8.0,1.318,297.08
2026-09-29,A股ETF,SH.513130,恒生科技,-78.0,0.533,351.93
2026-09-29,A股ETF,SH.513290,纳指生物科技,30.0,1.788,16.63
2026-09-29,A股ETF,SH.513330,恒生互联网,-78.0,0.344,251.36
2026-09-29,A股ETF,SH.513400,道琼斯,-16.0,1.292,29.58
2026-09-29,A股ETF,SH.513500,标普500,27.0,2.684,266.57
2026-09-29,A股ETF,SH.513630,港股红利,-37.0,1.57,118.12
2026-09-29,A股ETF,SH.513730,东南亚科技,-88.0,1.072,10.99
2026-09-29,A股ETF,SH.513850,美国50,30.0,1.868,19.82
2026-09-29,A股ETF,SH.515030,新能源车,-85.0,1.433,24.43
2026-09-29,A股ETF,SH.515050,5G通信,-55.0,0.967,185.96
2026-09-29,A股ETF,SH.515230,软件,-80.0,0.652,46.67
2026-09-29,A股ETF,SH.515790,光伏,-79.0,0.771,53.55
2026-09-29,A股ETF,SH.515800,中证800,-77.0,1.217,37.68
2026-09-29,A股ETF,SH.518880,黄金,-85.0,8.568,904.87
2026-09-29,A股ETF,SH.520830,沙特,-76.0,0.874,11.29
2026-09-29,A股ETF,SH.520870,巴西,9.0,1.125,6.23
2026-09-29,A股ETF,SH.562500,机器人,-81.0,0.895,139.79
2026-09-29,A股ETF,SH.563300,中证2000,-32.0,1.417,31.02
2026-09-29,A股ETF,SH.588000,科创板,-67.0,1.643,511.02
2026-09-29,A股ETF,SZ.159502,标普生物科技,-6.0,1.571,18.07
2026-09-29,A股ETF,SZ.159509,纳指科技,51.0,3.08,205.42
2026-09-29,A股ETF,SZ.159518,标普油气,-6.0,1.243,20.8
2026-09-29,A股ETF,SZ.159529,标普消费,-62.0,1.255,10.23
2026-09-29,A股ETF,SZ.159687,亚太精选,7.0,1.854,31.09
2026-09-29,A股ETF,SZ.159819,人工智能,-60.0,1.681,209.21
2026-09-29,A股ETF,SZ.159865,养殖,-71.0,0.524,64.15
2026-09-29,A股ETF,SZ.159869,游戏,-82.0,1.028,84.73
2026-09-29,A股ETF,SZ.159915,创业板,-81.0,3.159,219.56
2026-09-29,A股ETF,SZ.159920,恒生,-60.0,1.452,82.41
2026-09-29,A股ETF,SZ.159928,消费,-75.0,0.645,147.82
2026-09-29,A股ETF,SZ.159941,纳指100,33.0,1.698,391.48
2026-09-29,A股ETF,SZ.159992,创新药,-9.0,0.845,159.9
2026-09-29,A股ETF,SZ.159995,芯片,-67.0,1.079,273.73
2026-09-29,A股ETF,SZ.164824,印度,-86.0,1.235,21.85
2026-09-29,A股个股,SH.600000,浦发银行,-64.0,9.16,3050.81
2026-09-29,A股个股,SH.600028,中国石化,-35.0,5.41,6530.65
2026-09-29,A股个股,SH.600030,中信证券,-59.0,25.94,4052.94
2026-09-29,A股个股,SH.600036,招商银行,3.0,40.64,10249.3
2026-09-29,A股个股,SH.600276,恒瑞医药,-70.0,44.47,2951.56
2026-09-29,A股个股,SH.600519,贵州茅台,-76.0,1243.88,15549.5
2026-09-29,A股个股,SH.600690,海尔智家,-76.0,20.16,1875.5
2026-09-29,A股个股,SH.600900,长江电力,21.0,28.55,6985.68
2026-09-29,A股个股,SH.600938,中国海油,-33.0,33.5,15922.5
2026-09-29,A股个股,SH.600941,中国移动,-25.0,97.71,21194.2
2026-09-29,A股个股,SH.601088,中国神华,30.0,48.39,10495.5
2026-09-29,A股个股,SH.601138,工业富联,-71.0,58.92,11692.1
2026-09-29,A股个股,SH.601166,兴业银行,-62.0,17.77,3760.64
2026-09-29,A股个股,SH.601211,国泰海通,-70.0,16.81,2955.38
2026-09-29,A股个股,SH.601288,农业银行,-39.0,6.86,24008.8
2026-09-29,A股个股,SH.601318,中国平安,-71.0,52.4,9488.4
2026-09-29,A股个股,SH.601319,中国人保,-6.0,8.0,3537.92
2026-09-29,A股个股,SH.601328,交通银行,34.0,7.59,6706.81
2026-09-29,A股个股,SH.601398,工商银行,31.0,8.15,29047.1
2026-09-29,A股个股,SH.601601,中国太保,-77.0,30.5,2934.2
2026-09-29,A股个股,SH.601628,中国人寿,-69.0,36.77,10392.9
2026-09-29,A股个股,SH.601658,邮储银行,-26.0,5.32,6389.06
2026-09-29,A股个股,SH.601668,中国建筑,-77.0,4.22,1743.72
2026-09-29,A股个股,SH.601728,中国电信,3.0,6.25,5719.2
2026-09-29,A股个股,SH.601816,京沪高铁,-44.0,4.78,2338.65
2026-09-29,A股个股,SH.601818,光大银行,-64.0,2.99,1766.66
2026-09-29,A股个股,SH.601857,中国石油,19.0,11.19,20480.1
2026-09-29,A股个股,SH.601899,紫金矿业,-79.0,29.42,7822.99
2026-09-29,A股个股,SH.601919,中远海控,23.0,16.46,2513.13
2026-09-29,A股个股,SH.601939,建设银行,30.0,11.0,28776.0
2026-09-29,A股个股,SH.601988,中国银行,32.0,6.63,21362.7
2026-09-29,A股个股,SH.601998,中信银行,35.0,9.07,5047.02
2026-09-29,A股个股,SH.603288,海天味业,-78.0,32.93,1926.75
2026-09-29,A股个股,SH.688041,海光信息,-68.0,240.5,5590.03
2026-09-29,A股个股,SH.688235,百济神州-U,-43.0,257.9,3977.55
2026-09-29,A股个股,SH.688256,寒武纪-U,-61.0,1020.0,6414.31
2026-09-29,A股个股,SH.688981,中芯国际,-69.0,116.56,9980.18
2026-09-29,A股个股,SZ.000001,平安银行,-2.0,11.3,2192.87
2026-09-29,A股个股,SZ.000333,美的集团,-20.0,82.0,6256.46
2026-09-29,A股个股,SZ.000651,格力电器,-12.0,38.4,2150.94
2026-09-29,A股个股,SZ.000858,五粮液,-76.0,68.91,2674.82
2026-09-29,A股个股,SZ.002352,顺丰控股,-73.0,30.44,1554.01
2026-09-29,A股个股,SZ.002371,北方华创,-54.0,633.93,4600.36
2026-09-29,A股个股,SZ.002415,海康威视,-60.0,32.16,2947.42
2026-09-29,A股个股,SZ.002475,立讯精密,-85.0,49.92,3863.95
2026-09-29,A股个股,SZ.002594,比亚迪,-75.0,83.35,7599.18
2026-09-29,A股个股,SZ.002714,牧原股份,-34.0,41.71,2407.92
2026-09-29,A股个股,SZ.300059,东方财富,-81.0,17.87,2827.43
2026-09-29,A股个股,SZ.300750,宁德时代,-89.0,291.99,13511.1
2026-09-29,A股个股,SZ.300760,迈瑞医疗,-65.0,158.29,1918.16
2026-09-29,全球ETF,HK.02830,沙特,-24.0,78.68,89.25
2026-09-29,全球ETF,HK.03004,越南,9.0,9.59,0.28
2026-09-29,全球ETF,HK.03121,韩国,78.0,6.675,7.12
2026-09-29,全球ETF,SH.520830,沙特,-76.0,0.874,11.29
2026-09-29,全球ETF,SH.520870,巴西,9.0,1.125,6.23
2026-09-29,全球ETF,US.ARGT,阿根廷,-21.0,86.48,7.42
2026-09-29,全球ETF,US.ECH,智利,-32.0,38.32,9.83
2026-09-29,全球ETF,US.EEM,新兴市场,53.0,67.0,316.89
2026-09-29,全球ETF,US.EFA,欧澳远东,44.0,105.04,778.5
2026-09-29,全球ETF,US.EPI,印度,-85.0,41.04,18.9
2026-09-29,全球ETF,US.EWA,澳大利亚,44.0,28.79,12.16
2026-09-29,全球ETF,US.EWC,加拿大,39.0,59.07,71.7
2026-09-29,全球ETF,US.EWG,德国,16.0,42.13,15.23
2026-09-29,全球ETF,US.EWH,香港,-22.0,22.41,11.49
2026-09-29,全球ETF,US.EWI,意大利,40.0,60.04,11.39
2026-09-29,全球ETF,US.EWJ,日本,54.0,96.83,234.63
2026-09-29,全球ETF,US.EWL,瑞士,2.0,60.25,27.29
2026-09-29,全球ETF,US.EWM,马来西亚,13.0,27.84,2.92
2026-09-29,全球ETF,US.EWP,西班牙,43.0,60.64,24.25
2026-09-29,全球ETF,US.EWQ,法国,-39.0,43.78,3.51
2026-09-29,全球ETF,US.EWS,新加坡,51.0,33.56,14.11
2026-09-29,全球ETF,US.EWT,台湾,86.0,113.744,125.69
2026-09-29,全球ETF,US.EWU,英国,45.0,47.27,37.23
2026-09-29,全球ETF,US.EWW,墨西哥,2.0,72.88,15.69
2026-09-29,全球ETF,US.EWY,韩国,76.0,184.2,268.99
2026-09-29,全球ETF,US.EWZ,巴西,28.0,36.219,85.61
2026-09-29,全球ETF,US.EZA,南非,-67.0,64.47,4.99
2026-09-29,全球ETF,US.FXI,中国,-64.0,34.18,40.63
2026-09-29,全球ETF,US.IEV,欧洲,34.0,72.45,16.23
2026-09-29,我的自选,US.CONL,两倍Coin,19.0,6.06,5.95
2026-09-29,我的自选,US.GDXU,三倍金矿,-90.0,107.96,11.51
2026-09-29,我的自选,US.YINN,三倍中国,-74.0,25.24,5.66
2026-09-29,港股个股,HK.00005,汇丰,-8.0,159.2,27245.5
2026-09-29,港股个股,HK.00016,新鸿基,-69.0,107.6,3118.01
2026-09-29,港股个股,HK.00267,中信股份,26.0,13.27,3866.1
2026-09-29,港股个股,HK.00300,美的,-6.0,95.3,7270.62
2026-09-29,港股个股,HK.00386,中石化,-37.0,4.51,5432.15
2026-09-29,港股个股,HK.00388,港交所,-52.0,389.2,4926.81
2026-09-29,港股个股,HK.00700,腾讯,-43.0,440.8,40000.4
2026-09-29,港股个股,HK.00728,中国电信,-62.0,4.5,4104.1
2026-09-29,港股个股,HK.00762,中国联通,-69.0,5.64,1733.38
2026-09-29,港股个股,HK.00788,中国铁塔,-42.0,9.055,1595.52
2026-09-29,港股个股,HK.00857,中国石油,-12.0,9.695,17753.0
2026-09-29,港股个股,HK.00883,中国海油,-25.0,23.66,11255.1
2026-09-29,港股个股,HK.00939,建设银行,29.0,9.68,25309.8
2026-09-29,港股个股,HK.00941,中国移动,8.0,79.3,17190.1
2026-09-29,港股个股,HK.00981,中芯国际,-79.0,61.05,5227.26
2026-09-29,港股个股,HK.00998,中信银行,35.0,8.64,4810.52
2026-09-29,港股个股,HK.01024,快手,-77.0,30.76,1321.37
2026-09-29,港股个股,HK.01088,中国神华,0.0,45.0,9777.6
2026-09-29,港股个股,HK.01109,华润置地,-37.0,29.42,2100.77
2026-09-29,港股个股,HK.01211,比亚迪,-80.0,77.8,7084.06
2026-09-29,港股个股,HK.01288,农业银行,32.0,6.525,22906.4
2026-09-29,港股个股,HK.01299,友邦,-57.0,74.25,7661.69
2026-09-29,港股个股,HK.01398,工商银行,30.0,7.705,27461.1
2026-09-29,港股个股,HK.01658,邮储银行,28.0,5.42,6515.16
2026-09-29,港股个股,HK.01810,小米,-70.0,25.86,6661.59
2026-09-29,港股个股,HK.02015,理想,-73.0,45.84,902.89
2026-09-29,港股个股,HK.02020,安踏体育,-65.0,72.0,2013.59
2026-09-29,港股个股,HK.02318,中国平安,-71.0,52.6,9524.62
2026-09-29,港股个股,HK.02328,中国财险,-26.0,16.49,3670.06
2026-09-29,港股个股,HK.02378,保诚,-83.0,98.4,2444.52
2026-09-29,港股个股,HK.02388,中银香港,27.0,52.55,5545.42
2026-09-29,港股个股,HK.02423,贝壳,-34.0,43.74,1457.02
2026-09-29,港股个股,HK.02601,中国太保,-71.0,28.18,2709.09
2026-09-29,港股个股,HK.02628,中国人寿,-40.0,28.02,7936.73
2026-09-29,港股个股,HK.02888,渣打集团,26.0,241.8,5283.5
2026-09-29,港股个股,HK.02899,紫金矿业,-77.0,31.6,8413.3
2026-09-29,港股个股,HK.03328,交通银行,36.0,8.265,7285.59
2026-09-29,港股个股,HK.03690,美团,-83.0,72.0,4440.17
2026-09-29,港股个股,HK.03968,招商银行,2.0,51.1,12887.3
2026-09-29,港股个股,HK.03988,中国银行,33.0,6.07,19574.4
2026-09-29,港股个股,HK.06030,中信证券,-81.0,24.06,3762.32
2026-09-29,港股个股,HK.06160,百济神州,27.0,218.4,3356.01
2026-09-29,港股个股,HK.06690,海尔,-70.0,20.18,1879.22
2026-09-29,港股个股,HK.09618,京东,-70.0,104.7,2808.96
2026-09-29,港股个股,HK.09633,农夫山泉,-70.0,39.46,4437.86
2026-09-29,港股个股,HK.09888,百度,-82.0,85.8,2326.91
2026-09-29,港股个股,HK.09961,携程,-73.0,313.6,1977.27
2026-09-29,港股个股,HK.09988,阿里巴巴,-68.0,107.9,21416.1
2026-09-29,港股个股,HK.09999,网易,-36.0,189.2,6072.77
2026-09-29,港股常规,HK.02802,国指备兑,-63.0,6.95,95.29
2026-09-29,港股常规,HK.02822,A50,-79.0,14.7,69.3
2026-09-29,港股常规,HK.02830,沙特,-24.0,78.68,89.25
2026-09-29,港股常规,HK.03003,A50,-55.0,7.045,0.68
2026-09-29,港股常规,HK.03004,越南,9.0,9.59,0.28
2026-09-29,港股常规,HK.03005,中证500,-48.0,24.92,0.41
2026-09-29,港股常规,HK.03030,黄金,-85.0,6.285,50.69
2026-09-29,港股常规,HK.03033,恒科,-77.0,4.216,616.52
2026-09-29,港股常规,HK.03034,纳指100,31.0,12.9,0.32
2026-09-29,港股常规,HK.03037,恒生,-45.0,25.3,6.21
2026-09-29,港股常规,HK.03066,比特币,33.0,25.94,3.0
2026-09-29,港股常规,HK.03068,以太币,39.0,11.43,1.25
2026-09-29,港股常规,HK.03109,科创板,-62.0,15.22,6.26
2026-09-29,港股常规,HK.03121,韩国,78.0,6.675,7.12
2026-09-29,港股常规,HK.03133,沪深300,-73.0,11.11,5.79
2026-09-29,港股常规,HK.03134,太阳能,-78.0,4.526,0.37
2026-09-29,港股常规,HK.03147,创业板,-83.0,12.79,5.77
2026-09-29,港股常规,HK.03153,日经,71.0,134.0,12.26
2026-09-29,港股常规,HK.03167,新经济,-74.0,56.86,3.83
2026-09-29,港股常规,HK.03174,生物科技,13.0,3.804,9.81
2026-09-29,港股常规,HK.03193,5G,-51.0,16.62,0.11
2026-09-29,港股常规,HK.03199,中债,55.0,121.45,54.66
2026-09-29,港股常规,HK.03431,港韩科技,-11.0,10.22,12.69
2026-09-29,港股常规,HK.03432,港股精选,-31.0,105.15,107.24
2026-09-29,港股常规,HK.03433,美债,-83.0,62.06,14.38
2026-09-29,港股常规,HK.03441,东西精选,76.0,13.53,21.39
2026-09-29,港股常规,HK.03442,港美科技,-66.0,7.845,7.0
2026-09-29,港股常规,HK.03443,港股,-59.0,8.925,182.07
2026-09-29,港股常规,HK.03454,美股七巨头,41.0,11.96,1.22
2026-09-29,港股常规,HK.03469,红利,-30.0,8.08,5.33
2026-09-29,港股常规,HK.03537,韩国备兑,80.0,9.8,2.0
2026-09-29,港股杠杆,HK.07200,两倍恒生,-59.0,5.375,24.22
2026-09-29,港股杠杆,HK.07226,两倍恒科,-77.0,2.802,111.52
2026-09-29,港股杠杆,HK.07233,两倍沪深,-81.0,4.172,2.92
2026-09-29,港股杠杆,HK.07234,两倍创业,-83.0,7.375,1.53
2026-09-29,港股杠杆,HK.07262,两倍日经,47.0,181.8,0.65
2026-09-29,港股杠杆,HK.07266,两倍纳指,30.0,42.2,2.07
2026-09-29,港股杠杆,HK.07288,两倍国企,-65.0,2.774,2.13
2026-09-29,港股杠杆,HK.07299,两倍黄金,-86.0,21.38,15.55
2026-09-29,港股杠杆,HK.07709,两倍海力士,-8.0,39.54,371.68
2026-09-29,港股杠杆,HK.07711,两倍COIN,18.0,26.36,0.36
2026-09-29,港股杠杆,HK.07747,两倍三星,18.0,77.82,87.51
2026-09-29,港股杠杆,HK.07766,两倍特斯拉,-25.0,85.0,0.73
2026-09-29,港股杠杆,HK.07777,两倍伯克希尔,-39.0,56.06,0.22
2026-09-29,港股杠杆,HK.07788,两倍英伟达,12.0,172.85,0.61
2026-09-29,港股杠杆,HK.07799,两倍MSTR,36.0,4.78,0.72
2026-09-29,港股通,HK.03033,恒科,-77.0,4.216,616.52
2026-09-29,港股通,HK.03037,恒生,-45.0,25.3,6.21
2026-09-29,港股通,HK.03167,新经济,-74.0,56.86,3.83
2026-09-29,港股通,HK.03174,生物科技,13.0,3.804,9.81
2026-09-29,港股通,HK.03431,港韩科技,-11.0,10.22,12.69
2026-09-29,港股通,HK.03432,港股精选,-31.0,105.15,107.24
2026-09-29,港股通,HK.03441,东西精选,76.0,13.53,21.39
2026-09-29,港股通,HK.03442,港美科技,-66.0,7.845,7.0
2026-09-29,港股通,HK.03443,港股,-59.0,8.925,182.07
2026-09-29,港股通,HK.03469,红利,-30.0,8.08,5.33
2026-09-29,美股个股,US.AAPL,苹果,34.0,338.614,49776.4
2026-09-29,美股个股,US.ABBV,艾伯维,33.0,266.28,4671.2
2026-09-29,美股个股,US.ABT,雅培,-54.0,100.98,1752.71
2026-09-29,美股个股,US.ACN,埃森哲,-61.0,174.47,1077.69
2026-09-29,美股个股,US.AMZN,亚马逊,-38.0,246.35,26930.2
2026-09-29,美股个股,US.ASML,阿斯麦,82.0,1769.21,6698.47
2026-09-29,美股个股,US.AVGO,博通,-67.0,349.825,16841.8
2026-09-29,美股个股,US.AZN,阿斯利康,-30.0,166.15,2583.48
2026-09-29,美股个股,US.BABA,阿里,-71.0,108.8,2727.72
2026-09-29,美股个股,US.BAC,美国银行,-53.0,55.55,3964.89
2026-09-29,美股个股,US.BRK.B,伯克希尔,-31.0,503.0,10820.9
2026-09-29,美股个股,US.COST,好市多,-33.0,922.0,4090.3
2026-09-29,美股个股,US.CRM,赛富时,-24.0,227.57,1925.98
2026-09-29,美股个股,US.CSCO,思科,-25.0,106.83,4206.74
2026-09-29,美股个股,US.CVX,雪佛龙,3.0,206.45,4039.46
2026-09-29,美股个股,US.GE,GE,-51.0,318.6,3393.76
2026-09-29,美股个股,US.GOOG,谷歌,1.0,339.16,41714.1
2026-09-29,美股个股,US.HD,家得宝,-83.0,290.54,2925.23
2026-09-29,美股个股,US.HSBC,汇丰,-7.0,101.48,3466.02
2026-09-29,美股个股,US.IBM,IBM,-75.0,220.83,2124.61
2026-09-29,美股个股,US.JNJ,强生,27.0,271.82,6536.13
2026-09-29,美股个股,US.JPM,摩根大通,-27.0,337.14,9119.17
2026-09-29,美股个股,US.KO,可口可乐,-1.0,87.3,3778.07
2026-09-29,美股个股,US.LIN,林德气体,-3.0,475.0,2166.1
2026-09-29,美股个股,US.LLY,礼来,29.0,1186.0,11140.6
2026-09-29,美股个股,US.MA,万事达,-2.0,568.035,4972.67
2026-09-29,美股个股,US.MCD,麦当劳,-87.0,233.675,1673.57
2026-09-29,美股个股,US.META,META,45.0,718.249,19148.6
2026-09-29,美股个股,US.MRK,默沙东,28.0,148.69,3670.66
2026-09-29,美股个股,US.MSFT,微软,32.0,510.0,38328.4
2026-09-29,美股个股,US.MSTR,MSTR,39.0,156.53,609.42
2026-09-29,美股个股,US.NFLX,奈飞,-79.0,69.25,2962.43
2026-09-29,美股个股,US.NVDA,英伟达,33.0,229.3,54241.9
2026-09-29,美股个股,US.NVO,诺和诺德,-84.0,38.74,1732.42
2026-09-29,美股个股,US.NVS,诺华制药,4.0,147.07,2764.78
2026-09-29,美股个股,US.ORCL,甲骨文,-77.0,132.35,4145.54
2026-09-29,美股个股,US.PDD,拼多多,-73.0,78.5,1104.13
2026-09-29,美股个股,US.PEP,百事可乐,-76.0,128.75,1755.66
2026-09-29,美股个股,US.PG,宝洁,-5.0,148.88,3396.44
2026-09-29,美股个股,US.PM,菲利普莫里斯,28.0,193.43,2968.85
2026-09-29,美股个股,US.SAP,SAP,-35.0,208.0,2431.67
2026-09-29,美股个股,US.SHEL,壳牌,35.0,96.657,2731.9
2026-09-29,美股个股,US.TM,丰田,-68.0,188.3,2253.97
2026-09-29,美股个股,US.TMO,赛默飞世尔,46.0,678.6,2495.79
2026-09-29,美股个股,US.TSLA,特斯拉,-50.0,358.16,14696.7
2026-09-29,美股个股,US.TSM,台积电,38.0,452.5,23370.9
2026-09-29,美股个股,US.UNH,联合健康,-27.0,377.55,3380.25
2026-09-29,美股个股,US.V,VISA,-1.0,367.163,6871.31
2026-09-29,美股个股,US.WFC,富国银行,-67.0,80.93,2509.01
2026-09-29,美股个股,US.WMT,沃尔玛,-31.0,108.76,8566.86
2026-09-29,美股个股,US.XOM,美孚,4.0,162.6,6603.32
2026-09-29,美股常规,US.AGG,债券,-80.0,94.925,1365.46
2026-09-29,美股常规,US.ARKK,ARKK,37.0,89.39,88.24
2026-09-29,美股常规,US.DIA,道指,-14.0,514.221,447.59
2026-09-29,美股常规,US.ESPO,电竞,-55.0,95.9,2.52
2026-09-29,美股常规,US.GLD,黄金,-86.0,378.12,1444.3
2026-09-29,美股常规,US.IAI,铲子,-35.0,179.86,13.57
2026-09-29,美股常规,US.IAK,保险,-39.0,138.1,4.28
2026-09-29,美股常规,US.IBIT,比特币,41.0,47.08,670.71
2026-09-29,美股常规,US.ITB,地产,-71.0,88.75,24.42
2026-09-29,美股常规,US.IWM,罗素,-20.0,280.183,771.9
2026-09-29,美股常规,US.KRE,小银行,-27.0,70.63,38.1
2026-09-29,美股常规,US.KWEB,中概,-72.0,24.7,47.02
2026-09-29,美股常规,US.NLR,核能,-78.0,105.59,36.59
2026-09-29,美股常规,US.QQQ,纳指100,28.0,737.412,5009.44
2026-09-29,美股常规,US.SMH,半导体,36.0,600.8,746.15
2026-09-29,美股常规,US.SOXX,半导体,37.0,560.87,488.99
2026-09-29,美股常规,US.SPMO,标普Plus,27.0,151.54,232.43
2026-09-29,美股常规,US.SPY,标普,23.0,766.001,8171.58
2026-09-29,美股常规,US.VDC,可选消费,-32.0,222.8,92.53
2026-09-29,美股常规,US.VIG,红利,-5.0,236.847,1324.09
2026-09-29,美股常规,US.VOX,通讯,-2.0,190.43,59.34
2026-09-29,美股常规,US.VTI,全股,22.0,376.218,23437.4
2026-09-29,美股常规,US.VTV,价值,-6.0,218.65,2622.99
2026-09-29,美股常规,US.VUG,成长,28.0,90.11,3845.35
2026-09-29,美股常规,US.XBI,生物科技,-1.0,156.99,101.95
2026-09-29,美股常规,US.XLC,通讯,-34.0,111.15,229.81
2026-09-29,美股常规,US.XLE,能源,48.0,62.148,401.54
2026-09-29,美股常规,US.XLF,金融,-28.0,54.24,521.65
2026-09-29,美股常规,US.XLI,工业,-36.0,168.78,304.5
2026-09-29,美股常规,US.XLP,必需消费,-26.0,82.29,138.61
2026-09-29,美股常规,US.XLU,公用事业,-82.0,39.37,210.35
2026-09-29,美股常规,US.XLV,医疗,28.0,171.4,439.16
2026-09-29,美股常规,US.YMAX,期权,80.0,7.65,3.78
2026-09-29,美股杠杆,US.AAPU,两倍苹果,33.0,45.78,1.73
2026-09-29,美股杠杆,US.AGQ,两倍白银,-90.0,68.06,13.87
2026-09-29,美股杠杆,US.AMDL,两倍AMD,42.0,78.599,12.76
2026-09-29,美股杠杆,US.AMZU,两倍亚马逊,-57.0,33.26,3.25
2026-09-29,美股杠杆,US.AVGX,两倍博通,-75.0,37.537,2.24
2026-09-29,美股杠杆,US.BABX,两倍阿里,-73.0,16.63,1.15
2026-09-29,美股杠杆,US.BITX,两倍比特币,25.0,19.42,13.21
2026-09-29,美股杠杆,US.BOIL,两倍天然气,-43.0,21.3,3.07
2026-09-29,美股杠杆,US.BRKU,两倍伯克希尔,-47.0,22.5,0.39
2026-09-29,美股杠杆,US.BRZU,两倍巴西,-21.0,95.38,1.09
2026-09-29,美股杠杆,US.BULZ,三倍科技,22.0,42.45,38.71
2026-09-29,美股杠杆,US.CHAU,两倍沪深,-78.0,19.1,0.85
2026-09-29,美股杠杆,US.CONL,两倍Coin,19.0,6.06,5.95
2026-09-29,美股杠杆,US.CURE,三倍医疗,27.0,135.73,1.75
2026-09-29,美股杠杆,US.CWEB,两倍中概,-75.0,18.573,1.91
2026-09-29,美股杠杆,US.DFEN,三倍军工,-79.0,49.16,3.07
2026-09-29,美股杠杆,US.DPST,三倍小银行,-45.0,115.99,3.32
2026-09-29,美股杠杆,US.ETHU,两倍以太币,29.0,30.052,13.8
2026-09-29,美股杠杆,US.EURL,三倍欧洲,-11.0,43.31,0.43
2026-09-29,美股杠杆,US.FAS,三倍金融,-42.0,147.5,20.19
2026-09-29,美股杠杆,US.FBL,两倍Meta,12.0,31.2,1.96
2026-09-29,美股杠杆,US.FNGU,三倍巨无霸,30.0,34.39,28.58
2026-09-29,美股杠杆,US.GDXU,三倍金矿,-90.0,107.96,11.51
2026-09-29,美股杠杆,US.GGLL,两倍谷歌,-40.0,98.713,10.45
2026-09-29,美股杠杆,US.INDL,两倍印度,-86.0,40.17,0.52
2026-09-29,美股杠杆,US.KORU,三倍韩国,-9.0,20.519,14.14
2026-09-29,美股杠杆,US.LABU,三倍生科,-13.0,260.8,5.72
2026-09-29,美股杠杆,US.MSFU,两倍微软,6.0,39.03,5.46
2026-09-29,美股杠杆,US.MSTU,两倍MSTR,37.0,41.75,7.98
2026-09-29,美股杠杆,US.NAIL,三倍地产,-72.0,30.081,5.66
2026-09-29,美股杠杆,US.NVDL,两倍英伟达,27.0,37.04,36.58
2026-09-29,美股杠杆,US.OILU,三倍油气,19.0,46.658,0.71
2026-09-29,美股杠杆,US.PTIR,两倍PLTR,0.0,21.24,3.53
2026-09-29,美股杠杆,US.QLD,两倍纳指,28.0,95.099,152.49
2026-09-29,美股杠杆,US.RETL,三倍零售,-74.0,7.26,0.27
2026-09-29,美股杠杆,US.SMCX,两倍SMCI,-17.0,14.314,2.0
2026-09-29,美股杠杆,US.SOXL,三倍半导体,-6.0,142.4,251.57
2026-09-29,美股杠杆,US.SPXL,三倍标普,20.0,285.075,71.67
2026-09-29,美股杠杆,US.SPYU,四倍标普,-2.0,34.23,5.64
2026-09-29,美股杠杆,US.SSO,两倍标普,21.0,69.99,86.17
2026-09-29,美股杠杆,US.TECL,三倍科技,30.0,228.82,66.72
2026-09-29,美股杠杆,US.TMF,三倍美债,-85.0,26.503,20.41
2026-09-29,美股杠杆,US.TNA,三倍小盘,-38.0,59.159,12.8
2026-09-29,美股杠杆,US.TQQQ,三倍纳指,26.0,77.338,387.19
2026-09-29,美股杠杆,US.TSLL,两倍特斯拉,-58.0,9.19,38.67
2026-09-29,美股杠杆,US.TSMX,两倍台积电,36.0,88.68,5.82
2026-09-29,美股杠杆,US.UCO,两倍原油,87.0,53.25,4.17
2026-09-29,美股杠杆,US.UDOW,三倍道指,-31.0,65.15,8.83
2026-09-29,美股杠杆,US.UGL,两倍黄金,-87.0,45.29,7.87
2026-09-29,美股杠杆,US.UPRO,三倍标普,20.0,149.0,54.65
2026-09-29,美股杠杆,US.USD,两倍半导体,27.0,94.98,29.47
2026-09-29,美股杠杆,US.UTSL,三倍公用,-83.0,28.85,0.44
2026-09-29,美股杠杆,US.WEBL,三倍互联,-13.0,27.5,0.91
2026-09-29,美股杠杆,US.YINN,三倍中国,-74.0,25.24,5.66
