date,symbol,value,price
2026-09-22,AXTX,-1.0,
2026-09-22,CONL,24.0,
2026-09-22,CRCG,-62.0,
2026-09-22,GDXU,-82.0,
2026-09-22,YINN,-41.0,
2026-09-23,AXTX,-21.0,
2026-09-23,CONL,27.0,
2026-09-23,CRCG,-52.0,
2026-09-23,GDXU,-73.0,
2026-09-23,SOXL,2.0,
2026-09-23,TQQQ,33.0,
2026-09-23,UPRO,24.0,
2026-09-23,YINN,-46.0,
2026-09-24,AXTX,-21.0,
2026-09-24,CONL,23.0,
2026-09-24,CRCG,-70.0,
2026-09-24,GDXU,-81.0,
2026-09-24,SOXL,2.0,
2026-09-24,TQQQ,30.0,
2026-09-24,UPRO,22.0,
2026-09-24,YINN,-52.0,
2026-09-25,AXTX,-20.0,33.7
2026-09-25,CONL,25.0,6.52
2026-09-25,CRCG,-69.0,15.11
2026-09-25,GDXU,-85.0,124.76
2026-09-25,SOXL,3.0,145.445
2026-09-25,TQQQ,30.0,78.29
2026-09-25,UPRO,23.0,149.58
2026-09-25,YINN,-59.0,25.56
2026-09-26,AXTX,-19.0,36.46
2026-09-26,CONL,20.0,6.282
2026-09-26,CRCG,-85.0,13.29
2026-09-26,GDXU,-81.0,127.35
2026-09-26,SOXL,6.0,151.75
2026-09-26,TQQQ,32.0,79.85
2026-09-26,UPRO,26.0,152.78
2026-09-26,YINN,-61.0,25.022
2026-09-29,AXTX,-24.0,30.85
2026-09-29,CONL,19.0,6.06
2026-09-29,CRCG,-85.0,12.81
2026-09-29,GDXU,-90.0,107.96
2026-09-29,SOXL,-6.0,142.4
2026-09-29,TQQQ,26.0,77.338
2026-09-29,UPRO,20.0,149.0
2026-09-29,YINN,-74.0,25.24
2026-10-07,AXTX,-4.0,38.96
2026-10-07,CONL,-15.0,5.69
2026-10-07,CRCG,-85.0,12.3
2026-10-07,GDXU,-91.0,104.8
2026-10-07,SOXL,27.0,164.04
2026-10-07,TQQQ,48.0,84.29
2026-10-07,UPRO,39.0,156.88
2026-10-07,YINN,-69.0,23.86
